=== Running Verilator lint check on RTL ===
%Warning-WIDTHEXPAND: soc_top/mips/ex.v:202:20: Operator ASSIGNDLY expects 32 bits on the Assign RHS, but Assign RHS's VARREF 'reg1_lt_reg2' generates 1 bits.
                                              : ... note: In instance 'mysoc.openmips0.ex0'
  202 |      arithmeticres <= reg1_lt_reg2 ;
      |                    ^~
                      ... For warning description see https://verilator.org/warn/WIDTHEXPAND?v=5.046
                      ... Use "/* verilator lint_off WIDTHEXPAND */" and lint_on around source to disable this message.
%Warning-WIDTHEXPAND: soc_top/mips/pc_reg.v:34:16: Operator ADD expects 32 bits on the RHS, but RHS's CONST '4'h4' generates 4 bits.
                                                 : ... note: In instance 'mysoc.openmips0.pc_reg0'
   34 |       pc <= pc + 4'h4;
      |                ^
%Warning-WIDTHTRUNC: soc_top/dual_port_ram.v:43:32: Bit extraction of array[16383:0] requires 14 bit index, not 30 bits.
                                                  : ... note: In instance 'mysoc.u_ram'
   43 |     assign i_rdata = i_ce ? mem[i_addr[ADDR_WIDTH-1:2]] : {DATA_WIDTH{1'b0}};
      |                                ^
                     ... For warning description see https://verilator.org/warn/WIDTHTRUNC?v=5.046
                     ... Use "/* verilator lint_off WIDTHTRUNC */" and lint_on around source to disable this message.
%Warning-WIDTHTRUNC: soc_top/dual_port_ram.v:48:26: Bit extraction of array[16383:0] requires 14 bit index, not 30 bits.
                                                  : ... note: In instance 'mysoc.u_ram'
   48 |         if (d_sel[3]) mem[d_addr[ADDR_WIDTH-1:2]][31:24] <= d_wdata[31:24];
      |                          ^
%Warning-WIDTHTRUNC: soc_top/dual_port_ram.v:49:26: Bit extraction of array[16383:0] requires 14 bit index, not 30 bits.
                                                  : ... note: In instance 'mysoc.u_ram'
   49 |         if (d_sel[2]) mem[d_addr[ADDR_WIDTH-1:2]][23:16] <= d_wdata[23:16];
      |                          ^
%Warning-WIDTHTRUNC: soc_top/dual_port_ram.v:50:26: Bit extraction of array[16383:0] requires 14 bit index, not 30 bits.
                                                  : ... note: In instance 'mysoc.u_ram'
   50 |         if (d_sel[1]) mem[d_addr[ADDR_WIDTH-1:2]][15: 8] <= d_wdata[15: 8];
      |                          ^
%Warning-WIDTHTRUNC: soc_top/dual_port_ram.v:51:26: Bit extraction of array[16383:0] requires 14 bit index, not 30 bits.
                                                  : ... note: In instance 'mysoc.u_ram'
   51 |         if (d_sel[0]) mem[d_addr[ADDR_WIDTH-1:2]][ 7: 0] <= d_wdata[ 7: 0];
      |                          ^
%Warning-WIDTHTRUNC: soc_top/dual_port_ram.v:60:57: Bit extraction of array[16383:0] requires 14 bit index, not 30 bits.
                                                  : ... note: In instance 'mysoc.u_ram'
   60 |             d_rdata = { (d_sel[3] ? d_wdata[31:24] : mem[d_addr[ADDR_WIDTH-1:2]][31:24]),
      |                                                         ^
%Warning-WIDTHTRUNC: soc_top/dual_port_ram.v:61:57: Bit extraction of array[16383:0] requires 14 bit index, not 30 bits.
                                                  : ... note: In instance 'mysoc.u_ram'
   61 |                         (d_sel[2] ? d_wdata[23:16] : mem[d_addr[ADDR_WIDTH-1:2]][23:16]),
      |                                                         ^
%Warning-WIDTHTRUNC: soc_top/dual_port_ram.v:62:57: Bit extraction of array[16383:0] requires 14 bit index, not 30 bits.
                                                  : ... note: In instance 'mysoc.u_ram'
   62 |                         (d_sel[1] ? d_wdata[15: 8] : mem[d_addr[ADDR_WIDTH-1:2]][15: 8]),
      |                                                         ^
%Warning-WIDTHTRUNC: soc_top/dual_port_ram.v:63:57: Bit extraction of array[16383:0] requires 14 bit index, not 30 bits.
                                                  : ... note: In instance 'mysoc.u_ram'
   63 |                         (d_sel[0] ? d_wdata[ 7: 0] : mem[d_addr[ADDR_WIDTH-1:2]][ 7: 0]) };
      |                                                         ^
%Warning-WIDTHTRUNC: soc_top/dual_port_ram.v:66:26: Bit extraction of array[16383:0] requires 14 bit index, not 30 bits.
                                                  : ... note: In instance 'mysoc.u_ram'
   66 |             d_rdata = mem[d_addr[ADDR_WIDTH-1:2]];
      |                          ^
%Warning-BLKSEQ: soc_top/mips/div.v:45:19: Blocking assignment '=' in sequential logic process
                                         : ... note: In instance 'mysoc.openmips0.div0'
                                         : ... Suggest using delayed assignment '<='
   45 |          temp_op1 = ~opdata1_i + 1;
      |                   ^
                 ... For warning description see https://verilator.org/warn/BLKSEQ?v=5.046
                 ... Use "/* verilator lint_off BLKSEQ */" and lint_on around source to disable this message.
%Warning-BLKSEQ: soc_top/mips/div.v:47:19: Blocking assignment '=' in sequential logic process
                                         : ... note: In instance 'mysoc.openmips0.div0'
                                         : ... Suggest using delayed assignment '<='
   47 |          temp_op1 = opdata1_i;
      |                   ^
%Warning-BLKSEQ: soc_top/mips/div.v:50:19: Blocking assignment '=' in sequential logic process
                                         : ... note: In instance 'mysoc.openmips0.div0'
                                         : ... Suggest using delayed assignment '<='
   50 |          temp_op2 = ~opdata2_i + 1;
      |                   ^
%Warning-BLKSEQ: soc_top/mips/div.v:52:19: Blocking assignment '=' in sequential logic process
                                         : ... note: In instance 'mysoc.openmips0.div0'
                                         : ... Suggest using delayed assignment '<='
   52 |          temp_op2 = opdata2_i;
      |                   ^
%Warning-CASEINCOMPLETE: soc_top/mips/cp0_reg.v:56:5: Case values incompletely covered (example pattern 0x0)
   56 |     case (waddr_i) 
      |     ^~~~
                         ... For warning description see https://verilator.org/warn/CASEINCOMPLETE?v=5.046
                         ... Use "/* verilator lint_off CASEINCOMPLETE */" and lint_on around source to disable this message.
%Warning-COMBDLY: soc_top/mips/id.v:100:12: Non-blocking assignment '<=' in combinational logic process
                                          : ... This will be executed as a blocking assignment '='!
  100 |    aluop_o <= 8'b00000000;
      |            ^~
                  ... For warning description see https://verilator.org/warn/COMBDLY?v=5.046
                  ... Use "/* verilator lint_off COMBDLY */" and lint_on around source to disable this message.
                  *** See https://verilator.org/warn/COMBDLY?v=5.046 before disabling this,
                  else you may end up with different sim results.
%Warning-COMBDLY: soc_top/mips/id.v:101:13: Non-blocking assignment '<=' in combinational logic process
                                          : ... This will be executed as a blocking assignment '='!
  101 |    alusel_o <= 3'b000;
      |             ^~
%Warning-COMBDLY: soc_top/mips/id.v:102:9: Non-blocking assignment '<=' in combinational logic process
                                         : ... This will be executed as a blocking assignment '='!
  102 |    wd_o <= 5'b00000;
      |         ^~
%Warning-COMBDLY: soc_top/mips/id.v:103:11: Non-blocking assignment '<=' in combinational logic process
                                          : ... This will be executed as a blocking assignment '='!
  103 |    wreg_o <= 1'b0;
      |           ^~
%Warning-COMBDLY: soc_top/mips/id.v:104:14: Non-blocking assignment '<=' in combinational logic process
                                          : ... This will be executed as a blocking assignment '='!
  104 |    instvalid <= 1'b0;
      |              ^~
%Warning-COMBDLY: soc_top/mips/id.v:105:16: Non-blocking assignment '<=' in combinational logic process
                                          : ... This will be executed as a blocking assignment '='!
  105 |    reg1_read_o <= 1'b0;
      |                ^~
%Warning-COMBDLY: soc_top/mips/id.v:106:16: Non-blocking assignment '<=' in combinational logic process
                                          : ... This will be executed as a blocking assignment '='!
  106 |    reg2_read_o <= 1'b0;
      |                ^~
%Warning-COMBDLY: soc_top/mips/id.v:107:16: Non-blocking assignment '<=' in combinational logic process
                                          : ... This will be executed as a blocking assignment '='!
  107 |    reg1_addr_o <= 5'b00000;
      |                ^~
%Warning-COMBDLY: soc_top/mips/id.v:108:16: Non-blocking assignment '<=' in combinational logic process
                                          : ... This will be executed as a blocking assignment '='!
  108 |    reg2_addr_o <= 5'b00000;
      |                ^~
%Warning-COMBDLY: soc_top/mips/id.v:109:8: Non-blocking assignment '<=' in combinational logic process
                                         : ... This will be executed as a blocking assignment '='!
  109 |    imm <= 32'h0; 
      |        ^~
%Warning-COMBDLY: soc_top/mips/id.v:110:16: Non-blocking assignment '<=' in combinational logic process
                                          : ... This will be executed as a blocking assignment '='!
  110 |    link_addr_o <= 32'h00000000;
      |                ^~
%Warning-COMBDLY: soc_top/mips/id.v:111:28: Non-blocking assignment '<=' in combinational logic process
                                          : ... This will be executed as a blocking assignment '='!
  111 |    branch_target_address_o <= 32'h00000000;
      |                            ^~
%Warning-COMBDLY: soc_top/mips/id.v:112:18: Non-blocking assignment '<=' in combinational logic process
                                          : ... This will be executed as a blocking assignment '='!
  112 |    branch_flag_o <= 1'b0;
      |                  ^~
%Warning-COMBDLY: soc_top/mips/id.v:113:29: Non-blocking assignment '<=' in combinational logic process
                                          : ... This will be executed as a blocking assignment '='!
  113 |    next_inst_in_delayslot_o <= 1'b0;
      |                             ^~
%Warning-COMBDLY: soc_top/mips/id.v:114:26: Non-blocking assignment '<=' in combinational logic process
                                          : ... This will be executed as a blocking assignment '='!
  114 |    excepttype_is_syscall <= 1'b0;
      |                          ^~
%Warning-COMBDLY: soc_top/mips/id.v:115:23: Non-blocking assignment '<=' in combinational logic process
                                          : ... This will be executed as a blocking assignment '='!
  115 |    excepttype_is_eret <= 1'b0;        
      |                       ^~
%Warning-COMBDLY: soc_top/mips/id.v:117:12: Non-blocking assignment '<=' in combinational logic process
                                          : ... This will be executed as a blocking assignment '='!
  117 |    aluop_o <= 8'b00000000;
      |            ^~
%Warning-COMBDLY: soc_top/mips/id.v:118:13: Non-blocking assignment '<=' in combinational logic process
                                          : ... This will be executed as a blocking assignment '='!
  118 |    alusel_o <= 3'b000;
      |             ^~
%Warning-COMBDLY: soc_top/mips/id.v:119:9: Non-blocking assignment '<=' in combinational logic process
                                         : ... This will be executed as a blocking assignment '='!
  119 |    wd_o <= inst_i[15:11];
      |         ^~
%Warning-COMBDLY: soc_top/mips/id.v:120:11: Non-blocking assignment '<=' in combinational logic process
                                          : ... This will be executed as a blocking assignment '='!
  120 |    wreg_o <= 1'b0;
      |           ^~
%Warning-COMBDLY: soc_top/mips/id.v:121:14: Non-blocking assignment '<=' in combinational logic process
                                          : ... This will be executed as a blocking assignment '='!
  121 |    instvalid <= 1'b1;    
      |              ^~
%Warning-COMBDLY: soc_top/mips/id.v:122:16: Non-blocking assignment '<=' in combinational logic process
                                          : ... This will be executed as a blocking assignment '='!
  122 |    reg1_read_o <= 1'b0;
      |                ^~
%Warning-COMBDLY: soc_top/mips/id.v:123:16: Non-blocking assignment '<=' in combinational logic process
                                          : ... This will be executed as a blocking assignment '='!
  123 |    reg2_read_o <= 1'b0;
      |                ^~
%Warning-COMBDLY: soc_top/mips/id.v:124:16: Non-blocking assignment '<=' in combinational logic process
                                          : ... This will be executed as a blocking assignment '='!
  124 |    reg1_addr_o <= inst_i[25:21];
      |                ^~
%Warning-COMBDLY: soc_top/mips/id.v:125:16: Non-blocking assignment '<=' in combinational logic process
                                          : ... This will be executed as a blocking assignment '='!
  125 |    reg2_addr_o <= inst_i[20:16];  
      |                ^~
%Warning-COMBDLY: soc_top/mips/id.v:126:8: Non-blocking assignment '<=' in combinational logic process
                                         : ... This will be executed as a blocking assignment '='!
  126 |    imm <= 32'h00000000;
      |        ^~
%Warning-COMBDLY: soc_top/mips/id.v:127:16: Non-blocking assignment '<=' in combinational logic process
                                          : ... This will be executed as a blocking assignment '='!
  127 |    link_addr_o <= 32'h00000000;
      |                ^~
%Warning-COMBDLY: soc_top/mips/id.v:128:28: Non-blocking assignment '<=' in combinational logic process
                                          : ... This will be executed as a blocking assignment '='!
  128 |    branch_target_address_o <= 32'h00000000;
      |                            ^~
%Warning-COMBDLY: soc_top/mips/id.v:129:18: Non-blocking assignment '<=' in combinational logic process
                                          : ... This will be executed as a blocking assignment '='!
  129 |    branch_flag_o <= 1'b0; 
      |                  ^~
%Warning-COMBDLY: soc_top/mips/id.v:130:29: Non-blocking assignment '<=' in combinational logic process
                                          : ... This will be executed as a blocking assignment '='!
  130 |    next_inst_in_delayslot_o <= 1'b0;
      |                             ^~
%Warning-COMBDLY: soc_top/mips/id.v:131:26: Non-blocking assignment '<=' in combinational logic process
                                          : ... This will be executed as a blocking assignment '='!
  131 |    excepttype_is_syscall <= 1'b0; 
      |                          ^~
%Warning-COMBDLY: soc_top/mips/id.v:132:23: Non-blocking assignment '<=' in combinational logic process
                                          : ... This will be executed as a blocking assignment '='!
  132 |    excepttype_is_eret <= 1'b0;         
      |                       ^~
%Warning-COMBDLY: soc_top/mips/id.v:510:14: Non-blocking assignment '<=' in combinational logic process
                                          : ... This will be executed as a blocking assignment '='!
  510 |       wreg_o <= 1'b1;  aluop_o <= 8'b11111000;
      |              ^~
%Warning-COMBDLY: soc_top/mips/id.v:510:32: Non-blocking assignment '<=' in combinational logic process
                                          : ... This will be executed as a blocking assignment '='!
  510 |       wreg_o <= 1'b1;  aluop_o <= 8'b11111000;
      |                                ^~
%Warning-COMBDLY: soc_top/mips/id.v:511:16: Non-blocking assignment '<=' in combinational logic process
                                          : ... This will be executed as a blocking assignment '='!
  511 |       alusel_o <= 3'b111; reg1_read_o <= 1'b1; reg2_read_o <= 1'b1;    
      |                ^~
%Warning-COMBDLY: soc_top/mips/id.v:511:39: Non-blocking assignment '<=' in combinational logic process
                                          : ... This will be executed as a blocking assignment '='!
  511 |       alusel_o <= 3'b111; reg1_read_o <= 1'b1; reg2_read_o <= 1'b1;    
      |                                       ^~
%Warning-COMBDLY: soc_top/mips/id.v:511:60: Non-blocking assignment '<=' in combinational logic process
                                          : ... This will be executed as a blocking assignment '='!
  511 |       alusel_o <= 3'b111; reg1_read_o <= 1'b1; reg2_read_o <= 1'b1;    
      |                                                            ^~
%Warning-COMBDLY: soc_top/mips/id.v:512:11: Non-blocking assignment '<=' in combinational logic process
                                          : ... This will be executed as a blocking assignment '='!
  512 |      wd_o <= inst_i[20:16]; instvalid <= 1'b0; 
      |           ^~
%Warning-COMBDLY: soc_top/mips/id.v:512:39: Non-blocking assignment '<=' in combinational logic process
                                          : ... This will be executed as a blocking assignment '='!
  512 |      wd_o <= inst_i[20:16]; instvalid <= 1'b0; 
      |                                       ^~
%Warning-COMBDLY: soc_top/mips/id.v:513:15: Non-blocking assignment '<=' in combinational logic process
                                          : ... This will be executed as a blocking assignment '='!
  513 |      alusel_o <= 3'b111; 
      |               ^~
%Warning-COMBDLY: soc_top/mips/id.v:369:14: Non-blocking assignment '<=' in combinational logic process
                                          : ... This will be executed as a blocking assignment '='!
  369 |       wreg_o <= 1'b0;  aluop_o <= 8'b00000000;
      |              ^~
%Warning-COMBDLY: soc_top/mips/id.v:369:32: Non-blocking assignment '<=' in combinational logic process
                                          : ... This will be executed as a blocking assignment '='!
  369 |       wreg_o <= 1'b0;  aluop_o <= 8'b00000000;
      |                                ^~
%Warning-COMBDLY: soc_top/mips/id.v:370:16: Non-blocking assignment '<=' in combinational logic process
                                          : ... This will be executed as a blocking assignment '='!
  370 |       alusel_o <= 3'b000; reg1_read_o <= 1'b0; reg2_read_o <= 1'b0;       
      |                ^~
%Warning-COMBDLY: soc_top/mips/id.v:370:39: Non-blocking assignment '<=' in combinational logic process
                                          : ... This will be executed as a blocking assignment '='!
  370 |       alusel_o <= 3'b000; reg1_read_o <= 1'b0; reg2_read_o <= 1'b0;       
      |                                       ^~
%Warning-COMBDLY: soc_top/mips/id.v:370:60: Non-blocking assignment '<=' in combinational logic process
                                          : ... This will be executed as a blocking assignment '='!
  370 |       alusel_o <= 3'b000; reg1_read_o <= 1'b0; reg2_read_o <= 1'b0;       
      |                                                            ^~
%Warning-COMBDLY: soc_top/mips/id.v:371:16: Non-blocking assignment '<=' in combinational logic process
                                          : ... This will be executed as a blocking assignment '='!
  371 |      instvalid <= 1'b0; 
      |                ^~
%Warning-COMBDLY: soc_top/mips/id.v:470:14: Non-blocking assignment '<=' in combinational logic process
                                          : ... This will be executed as a blocking assignment '='!
  470 |       wreg_o <= 1'b1;  aluop_o <= 8'b11110000;
      |              ^~
%Warning-COMBDLY: soc_top/mips/id.v:470:32: Non-blocking assignment '<=' in combinational logic process
                                          : ... This will be executed as a blocking assignment '='!
  470 |       wreg_o <= 1'b1;  aluop_o <= 8'b11110000;
      |                                ^~
%Warning-COMBDLY: soc_top/mips/id.v:471:16: Non-blocking assignment '<=' in combinational logic process
                                          : ... This will be executed as a blocking assignment '='!
  471 |       alusel_o <= 3'b111; reg1_read_o <= 1'b1; reg2_read_o <= 1'b0;    
      |                ^~
%Warning-COMBDLY: soc_top/mips/id.v:471:39: Non-blocking assignment '<=' in combinational logic process
                                          : ... This will be executed as a blocking assignment '='!
  471 |       alusel_o <= 3'b111; reg1_read_o <= 1'b1; reg2_read_o <= 1'b0;    
      |                                       ^~
%Warning-COMBDLY: soc_top/mips/id.v:471:60: Non-blocking assignment '<=' in combinational logic process
                                          : ... This will be executed as a blocking assignment '='!
  471 |       alusel_o <= 3'b111; reg1_read_o <= 1'b1; reg2_read_o <= 1'b0;    
      |                                                            ^~
%Warning-COMBDLY: soc_top/mips/id.v:472:11: Non-blocking assignment '<=' in combinational logic process
                                          : ... This will be executed as a blocking assignment '='!
  472 |      wd_o <= inst_i[20:16]; instvalid <= 1'b0; 
      |           ^~
%Warning-COMBDLY: soc_top/mips/id.v:472:39: Non-blocking assignment '<=' in combinational logic process
                                          : ... This will be executed as a blocking assignment '='!
  472 |      wd_o <= inst_i[20:16]; instvalid <= 1'b0; 
      |                                       ^~
%Warning-COMBDLY: soc_top/mips/id.v:505:14: Non-blocking assignment '<=' in combinational logic process
                                          : ... This will be executed as a blocking assignment '='!
  505 |       wreg_o <= 1'b0;  aluop_o <= 8'b11101110;
      |              ^~
%Warning-COMBDLY: soc_top/mips/id.v:505:32: Non-blocking assignment '<=' in combinational logic process
                                          : ... This will be executed as a blocking assignment '='!
  505 |       wreg_o <= 1'b0;  aluop_o <= 8'b11101110;
      |                                ^~
%Warning-COMBDLY: soc_top/mips/id.v:506:19: Non-blocking assignment '<=' in combinational logic process
                                          : ... This will be executed as a blocking assignment '='!
  506 |       reg1_read_o <= 1'b1; reg2_read_o <= 1'b1; instvalid <= 1'b0; 
      |                   ^~
%Warning-COMBDLY: soc_top/mips/id.v:506:40: Non-blocking assignment '<=' in combinational logic process
                                          : ... This will be executed as a blocking assignment '='!
  506 |       reg1_read_o <= 1'b1; reg2_read_o <= 1'b1; instvalid <= 1'b0; 
      |                                        ^~
%Warning-COMBDLY: soc_top/mips/id.v:506:59: Non-blocking assignment '<=' in combinational logic process
                                          : ... This will be executed as a blocking assignment '='!
  506 |       reg1_read_o <= 1'b1; reg2_read_o <= 1'b1; instvalid <= 1'b0; 
      |                                                           ^~
%Warning-COMBDLY: soc_top/mips/id.v:507:16: Non-blocking assignment '<=' in combinational logic process
                                          : ... This will be executed as a blocking assignment '='!
  507 |       alusel_o <= 3'b111; 
      |                ^~
%Warning-COMBDLY: soc_top/mips/id.v:495:14: Non-blocking assignment '<=' in combinational logic process
                                          : ... This will be executed as a blocking assignment '='!
  495 |       wreg_o <= 1'b0;  aluop_o <= 8'b11101011;
      |              ^~
%Warning-COMBDLY: soc_top/mips/id.v:495:32: Non-blocking assignment '<=' in combinational logic process
                                          : ... This will be executed as a blocking assignment '='!
  495 |       wreg_o <= 1'b0;  aluop_o <= 8'b11101011;
      |                                ^~
%Warning-COMBDLY: soc_top/mips/id.v:496:19: Non-blocking assignment '<=' in combinational logic process
                                          : ... This will be executed as a blocking assignment '='!
  496 |       reg1_read_o <= 1'b1; reg2_read_o <= 1'b1; instvalid <= 1'b0; 
      |                   ^~
%Warning-COMBDLY: soc_top/mips/id.v:496:40: Non-blocking assignment '<=' in combinational logic process
                                          : ... This will be executed as a blocking assignment '='!
  496 |       reg1_read_o <= 1'b1; reg2_read_o <= 1'b1; instvalid <= 1'b0; 
      |                                        ^~
%Warning-COMBDLY: soc_top/mips/id.v:496:59: Non-blocking assignment '<=' in combinational logic process
                                          : ... This will be executed as a blocking assignment '='!
  496 |       reg1_read_o <= 1'b1; reg2_read_o <= 1'b1; instvalid <= 1'b0; 
      |                                                           ^~
%Warning-COMBDLY: soc_top/mips/id.v:497:16: Non-blocking assignment '<=' in combinational logic process
                                          : ... This will be executed as a blocking assignment '='!
  497 |       alusel_o <= 3'b111; 
      |                ^~
%Warning-COMBDLY: soc_top/mips/id.v:500:14: Non-blocking assignment '<=' in combinational logic process
                                          : ... This will be executed as a blocking assignment '='!
  500 |       wreg_o <= 1'b0;  aluop_o <= 8'b11101010;
      |              ^~
%Warning-COMBDLY: soc_top/mips/id.v:500:32: Non-blocking assignment '<=' in combinational logic process
                                          : ... This will be executed as a blocking assignment '='!
  500 |       wreg_o <= 1'b0;  aluop_o <= 8'b11101010;
      |                                ^~
%Warning-COMBDLY: soc_top/mips/id.v:501:19: Non-blocking assignment '<=' in combinational logic process
                                          : ... This will be executed as a blocking assignment '='!
  501 |       reg1_read_o <= 1'b1; reg2_read_o <= 1'b1; instvalid <= 1'b0; 
      |                   ^~
%Warning-COMBDLY: soc_top/mips/id.v:501:40: Non-blocking assignment '<=' in combinational logic process
                                          : ... This will be executed as a blocking assignment '='!
  501 |       reg1_read_o <= 1'b1; reg2_read_o <= 1'b1; instvalid <= 1'b0; 
      |                                        ^~
%Warning-COMBDLY: soc_top/mips/id.v:501:59: Non-blocking assignment '<=' in combinational logic process
                                          : ... This will be executed as a blocking assignment '='!
  501 |       reg1_read_o <= 1'b1; reg2_read_o <= 1'b1; instvalid <= 1'b0; 
      |                                                           ^~
%Warning-COMBDLY: soc_top/mips/id.v:502:16: Non-blocking assignment '<=' in combinational logic process
                                          : ... This will be executed as a blocking assignment '='!
  502 |       alusel_o <= 3'b111; 
      |                ^~
%Warning-COMBDLY: soc_top/mips/id.v:490:14: Non-blocking assignment '<=' in combinational logic process
                                          : ... This will be executed as a blocking assignment '='!
  490 |       wreg_o <= 1'b0;  aluop_o <= 8'b11101001;
      |              ^~
%Warning-COMBDLY: soc_top/mips/id.v:490:32: Non-blocking assignment '<=' in combinational logic process
                                          : ... This will be executed as a blocking assignment '='!
  490 |       wreg_o <= 1'b0;  aluop_o <= 8'b11101001;
      |                                ^~
%Warning-COMBDLY: soc_top/mips/id.v:491:19: Non-blocking assignment '<=' in combinational logic process
                                          : ... This will be executed as a blocking assignment '='!
  491 |       reg1_read_o <= 1'b1; reg2_read_o <= 1'b1; instvalid <= 1'b0; 
      |                   ^~
%Warning-COMBDLY: soc_top/mips/id.v:491:40: Non-blocking assignment '<=' in combinational logic process
                                          : ... This will be executed as a blocking assignment '='!
  491 |       reg1_read_o <= 1'b1; reg2_read_o <= 1'b1; instvalid <= 1'b0; 
      |                                        ^~
%Warning-COMBDLY: soc_top/mips/id.v:491:59: Non-blocking assignment '<=' in combinational logic process
                                          : ... This will be executed as a blocking assignment '='!
  491 |       reg1_read_o <= 1'b1; reg2_read_o <= 1'b1; instvalid <= 1'b0; 
      |                                                           ^~
%Warning-COMBDLY: soc_top/mips/id.v:492:16: Non-blocking assignment '<=' in combinational logic process
                                          : ... This will be executed as a blocking assignment '='!
  492 |       alusel_o <= 3'b111; 
      |                ^~
%Warning-COMBDLY: soc_top/mips/id.v:485:14: Non-blocking assignment '<=' in combinational logic process
                                          : ... This will be executed as a blocking assignment '='!
  485 |       wreg_o <= 1'b0;  aluop_o <= 8'b11101000;
      |              ^~
%Warning-COMBDLY: soc_top/mips/id.v:485:32: Non-blocking assignment '<=' in combinational logic process
                                          : ... This will be executed as a blocking assignment '='!
  485 |       wreg_o <= 1'b0;  aluop_o <= 8'b11101000;
      |                                ^~
%Warning-COMBDLY: soc_top/mips/id.v:486:19: Non-blocking assignment '<=' in combinational logic process
                                          : ... This will be executed as a blocking assignment '='!
  486 |       reg1_read_o <= 1'b1; reg2_read_o <= 1'b1; instvalid <= 1'b0; 
      |                   ^~
%Warning-COMBDLY: soc_top/mips/id.v:486:40: Non-blocking assignment '<=' in combinational logic process
                                          : ... This will be executed as a blocking assignment '='!
  486 |       reg1_read_o <= 1'b1; reg2_read_o <= 1'b1; instvalid <= 1'b0; 
      |                                        ^~
%Warning-COMBDLY: soc_top/mips/id.v:486:59: Non-blocking assignment '<=' in combinational logic process
                                          : ... This will be executed as a blocking assignment '='!
  486 |       reg1_read_o <= 1'b1; reg2_read_o <= 1'b1; instvalid <= 1'b0; 
      |                                                           ^~
%Warning-COMBDLY: soc_top/mips/id.v:487:16: Non-blocking assignment '<=' in combinational logic process
                                          : ... This will be executed as a blocking assignment '='!
  487 |       alusel_o <= 3'b111; 
      |                ^~
%Warning-COMBDLY: soc_top/mips/id.v:480:14: Non-blocking assignment '<=' in combinational logic process
                                          : ... This will be executed as a blocking assignment '='!
  480 |       wreg_o <= 1'b1;  aluop_o <= 8'b11100110;
      |              ^~
%Warning-COMBDLY: soc_top/mips/id.v:480:32: Non-blocking assignment '<=' in combinational logic process
                                          : ... This will be executed as a blocking assignment '='!
  480 |       wreg_o <= 1'b1;  aluop_o <= 8'b11100110;
      |                                ^~
%Warning-COMBDLY: soc_top/mips/id.v:481:16: Non-blocking assignment '<=' in combinational logic process
                                          : ... This will be executed as a blocking assignment '='!
  481 |       alusel_o <= 3'b111; reg1_read_o <= 1'b1; reg2_read_o <= 1'b1;    
      |                ^~
%Warning-COMBDLY: soc_top/mips/id.v:481:39: Non-blocking assignment '<=' in combinational logic process
                                          : ... This will be executed as a blocking assignment '='!
  481 |       alusel_o <= 3'b111; reg1_read_o <= 1'b1; reg2_read_o <= 1'b1;    
      |                                       ^~
%Warning-COMBDLY: soc_top/mips/id.v:481:60: Non-blocking assignment '<=' in combinational logic process
                                          : ... This will be executed as a blocking assignment '='!
  481 |       alusel_o <= 3'b111; reg1_read_o <= 1'b1; reg2_read_o <= 1'b1;    
      |                                                            ^~
%Warning-COMBDLY: soc_top/mips/id.v:482:11: Non-blocking assignment '<=' in combinational logic process
                                          : ... This will be executed as a blocking assignment '='!
  482 |      wd_o <= inst_i[20:16]; instvalid <= 1'b0; 
      |           ^~
%Warning-COMBDLY: soc_top/mips/id.v:482:39: Non-blocking assignment '<=' in combinational logic process
                                          : ... This will be executed as a blocking assignment '='!
  482 |      wd_o <= inst_i[20:16]; instvalid <= 1'b0; 
      |                                       ^~
%Warning-COMBDLY: soc_top/mips/id.v:460:14: Non-blocking assignment '<=' in combinational logic process
                                          : ... This will be executed as a blocking assignment '='!
  460 |       wreg_o <= 1'b1;  aluop_o <= 8'b11100101;
      |              ^~
%Warning-COMBDLY: soc_top/mips/id.v:460:32: Non-blocking assignment '<=' in combinational logic process
                                          : ... This will be executed as a blocking assignment '='!
  460 |       wreg_o <= 1'b1;  aluop_o <= 8'b11100101;
      |                                ^~
%Warning-COMBDLY: soc_top/mips/id.v:461:16: Non-blocking assignment '<=' in combinational logic process
                                          : ... This will be executed as a blocking assignment '='!
  461 |       alusel_o <= 3'b111; reg1_read_o <= 1'b1; reg2_read_o <= 1'b0;    
      |                ^~
%Warning-COMBDLY: soc_top/mips/id.v:461:39: Non-blocking assignment '<=' in combinational logic process
                                          : ... This will be executed as a blocking assignment '='!
  461 |       alusel_o <= 3'b111; reg1_read_o <= 1'b1; reg2_read_o <= 1'b0;    
      |                                       ^~
%Warning-COMBDLY: soc_top/mips/id.v:461:60: Non-blocking assignment '<=' in combinational logic process
                                          : ... This will be executed as a blocking assignment '='!
  461 |       alusel_o <= 3'b111; reg1_read_o <= 1'b1; reg2_read_o <= 1'b0;    
      |                                                            ^~
%Warning-COMBDLY: soc_top/mips/id.v:462:11: Non-blocking assignment '<=' in combinational logic process
                                          : ... This will be executed as a blocking assignment '='!
  462 |      wd_o <= inst_i[20:16]; instvalid <= 1'b0; 
      |           ^~
%Warning-COMBDLY: soc_top/mips/id.v:462:39: Non-blocking assignment '<=' in combinational logic process
                                          : ... This will be executed as a blocking assignment '='!
  462 |      wd_o <= inst_i[20:16]; instvalid <= 1'b0; 
      |                                       ^~
%Warning-COMBDLY: soc_top/mips/id.v:450:14: Non-blocking assignment '<=' in combinational logic process
                                          : ... This will be executed as a blocking assignment '='!
  450 |       wreg_o <= 1'b1;  aluop_o <= 8'b11100100;
      |              ^~
%Warning-COMBDLY: soc_top/mips/id.v:450:32: Non-blocking assignment '<=' in combinational logic process
                                          : ... This will be executed as a blocking assignment '='!
  450 |       wreg_o <= 1'b1;  aluop_o <= 8'b11100100;
      |                                ^~
%Warning-COMBDLY: soc_top/mips/id.v:451:16: Non-blocking assignment '<=' in combinational logic process
                                          : ... This will be executed as a blocking assignment '='!
  451 |       alusel_o <= 3'b111; reg1_read_o <= 1'b1; reg2_read_o <= 1'b0;    
      |                ^~
%Warning-COMBDLY: soc_top/mips/id.v:451:39: Non-blocking assignment '<=' in combinational logic process
                                          : ... This will be executed as a blocking assignment '='!
  451 |       alusel_o <= 3'b111; reg1_read_o <= 1'b1; reg2_read_o <= 1'b0;    
      |                                       ^~
%Warning-COMBDLY: soc_top/mips/id.v:451:60: Non-blocking assignment '<=' in combinational logic process
                                          : ... This will be executed as a blocking assignment '='!
  451 |       alusel_o <= 3'b111; reg1_read_o <= 1'b1; reg2_read_o <= 1'b0;    
      |                                                            ^~
%Warning-COMBDLY: soc_top/mips/id.v:452:11: Non-blocking assignment '<=' in combinational logic process
                                          : ... This will be executed as a blocking assignment '='!
  452 |      wd_o <= inst_i[20:16]; instvalid <= 1'b0; 
      |           ^~
%Warning-COMBDLY: soc_top/mips/id.v:452:39: Non-blocking assignment '<=' in combinational logic process
                                          : ... This will be executed as a blocking assignment '='!
  452 |      wd_o <= inst_i[20:16]; instvalid <= 1'b0; 
      |                                       ^~
%Warning-COMBDLY: soc_top/mips/id.v:465:14: Non-blocking assignment '<=' in combinational logic process
                                          : ... This will be executed as a blocking assignment '='!
  465 |       wreg_o <= 1'b1;  aluop_o <= 8'b11100011;
      |              ^~
%Warning-COMBDLY: soc_top/mips/id.v:465:32: Non-blocking assignment '<=' in combinational logic process
                                          : ... This will be executed as a blocking assignment '='!
  465 |       wreg_o <= 1'b1;  aluop_o <= 8'b11100011;
      |                                ^~
%Warning-COMBDLY: soc_top/mips/id.v:466:16: Non-blocking assignment '<=' in combinational logic process
                                          : ... This will be executed as a blocking assignment '='!
  466 |       alusel_o <= 3'b111; reg1_read_o <= 1'b1; reg2_read_o <= 1'b0;    
      |                ^~
%Warning-COMBDLY: soc_top/mips/id.v:466:39: Non-blocking assignment '<=' in combinational logic process
                                          : ... This will be executed as a blocking assignment '='!
  466 |       alusel_o <= 3'b111; reg1_read_o <= 1'b1; reg2_read_o <= 1'b0;    
      |                                       ^~
%Warning-COMBDLY: soc_top/mips/id.v:466:60: Non-blocking assignment '<=' in combinational logic process
                                          : ... This will be executed as a blocking assignment '='!
  466 |       alusel_o <= 3'b111; reg1_read_o <= 1'b1; reg2_read_o <= 1'b0;    
      |                                                            ^~
%Warning-COMBDLY: soc_top/mips/id.v:467:11: Non-blocking assignment '<=' in combinational logic process
                                          : ... This will be executed as a blocking assignment '='!
  467 |      wd_o <= inst_i[20:16]; instvalid <= 1'b0; 
      |           ^~
%Warning-COMBDLY: soc_top/mips/id.v:467:39: Non-blocking assignment '<=' in combinational logic process
                                          : ... This will be executed as a blocking assignment '='!
  467 |      wd_o <= inst_i[20:16]; instvalid <= 1'b0; 
      |                                       ^~
%Warning-COMBDLY: soc_top/mips/id.v:475:14: Non-blocking assignment '<=' in combinational logic process
                                          : ... This will be executed as a blocking assignment '='!
  475 |       wreg_o <= 1'b1;  aluop_o <= 8'b11100010;
      |              ^~
%Warning-COMBDLY: soc_top/mips/id.v:475:32: Non-blocking assignment '<=' in combinational logic process
                                          : ... This will be executed as a blocking assignment '='!
  475 |       wreg_o <= 1'b1;  aluop_o <= 8'b11100010;
      |                                ^~
%Warning-COMBDLY: soc_top/mips/id.v:476:16: Non-blocking assignment '<=' in combinational logic process
                                          : ... This will be executed as a blocking assignment '='!
  476 |       alusel_o <= 3'b111; reg1_read_o <= 1'b1; reg2_read_o <= 1'b1;    
      |                ^~
%Warning-COMBDLY: soc_top/mips/id.v:476:39: Non-blocking assignment '<=' in combinational logic process
                                          : ... This will be executed as a blocking assignment '='!
  476 |       alusel_o <= 3'b111; reg1_read_o <= 1'b1; reg2_read_o <= 1'b1;    
      |                                       ^~
%Warning-COMBDLY: soc_top/mips/id.v:476:60: Non-blocking assignment '<=' in combinational logic process
                                          : ... This will be executed as a blocking assignment '='!
  476 |       alusel_o <= 3'b111; reg1_read_o <= 1'b1; reg2_read_o <= 1'b1;    
      |                                                            ^~
%Warning-COMBDLY: soc_top/mips/id.v:477:11: Non-blocking assignment '<=' in combinational logic process
                                          : ... This will be executed as a blocking assignment '='!
  477 |      wd_o <= inst_i[20:16]; instvalid <= 1'b0; 
      |           ^~
%Warning-COMBDLY: soc_top/mips/id.v:477:39: Non-blocking assignment '<=' in combinational logic process
                                          : ... This will be executed as a blocking assignment '='!
  477 |      wd_o <= inst_i[20:16]; instvalid <= 1'b0; 
      |                                       ^~
%Warning-COMBDLY: soc_top/mips/id.v:455:14: Non-blocking assignment '<=' in combinational logic process
                                          : ... This will be executed as a blocking assignment '='!
  455 |       wreg_o <= 1'b1;  aluop_o <= 8'b11100001;
      |              ^~
%Warning-COMBDLY: soc_top/mips/id.v:455:32: Non-blocking assignment '<=' in combinational logic process
                                          : ... This will be executed as a blocking assignment '='!
  455 |       wreg_o <= 1'b1;  aluop_o <= 8'b11100001;
      |                                ^~
%Warning-COMBDLY: soc_top/mips/id.v:456:16: Non-blocking assignment '<=' in combinational logic process
                                          : ... This will be executed as a blocking assignment '='!
  456 |       alusel_o <= 3'b111; reg1_read_o <= 1'b1; reg2_read_o <= 1'b0;    
      |                ^~
%Warning-COMBDLY: soc_top/mips/id.v:456:39: Non-blocking assignment '<=' in combinational logic process
                                          : ... This will be executed as a blocking assignment '='!
  456 |       alusel_o <= 3'b111; reg1_read_o <= 1'b1; reg2_read_o <= 1'b0;    
      |                                       ^~
%Warning-COMBDLY: soc_top/mips/id.v:456:60: Non-blocking assignment '<=' in combinational logic process
                                          : ... This will be executed as a blocking assignment '='!
  456 |       alusel_o <= 3'b111; reg1_read_o <= 1'b1; reg2_read_o <= 1'b0;    
      |                                                            ^~
%Warning-COMBDLY: soc_top/mips/id.v:457:11: Non-blocking assignment '<=' in combinational logic process
                                          : ... This will be executed as a blocking assignment '='!
  457 |      wd_o <= inst_i[20:16]; instvalid <= 1'b0; 
      |           ^~
%Warning-COMBDLY: soc_top/mips/id.v:457:39: Non-blocking assignment '<=' in combinational logic process
                                          : ... This will be executed as a blocking assignment '='!
  457 |      wd_o <= inst_i[20:16]; instvalid <= 1'b0; 
      |                                       ^~
%Warning-COMBDLY: soc_top/mips/id.v:445:14: Non-blocking assignment '<=' in combinational logic process
                                          : ... This will be executed as a blocking assignment '='!
  445 |       wreg_o <= 1'b1;  aluop_o <= 8'b11100000;
      |              ^~
%Warning-COMBDLY: soc_top/mips/id.v:445:32: Non-blocking assignment '<=' in combinational logic process
                                          : ... This will be executed as a blocking assignment '='!
  445 |       wreg_o <= 1'b1;  aluop_o <= 8'b11100000;
      |                                ^~
%Warning-COMBDLY: soc_top/mips/id.v:446:16: Non-blocking assignment '<=' in combinational logic process
                                          : ... This will be executed as a blocking assignment '='!
  446 |       alusel_o <= 3'b111; reg1_read_o <= 1'b1; reg2_read_o <= 1'b0;    
      |                ^~
%Warning-COMBDLY: soc_top/mips/id.v:446:39: Non-blocking assignment '<=' in combinational logic process
                                          : ... This will be executed as a blocking assignment '='!
  446 |       alusel_o <= 3'b111; reg1_read_o <= 1'b1; reg2_read_o <= 1'b0;    
      |                                       ^~
%Warning-COMBDLY: soc_top/mips/id.v:446:60: Non-blocking assignment '<=' in combinational logic process
                                          : ... This will be executed as a blocking assignment '='!
  446 |       alusel_o <= 3'b111; reg1_read_o <= 1'b1; reg2_read_o <= 1'b0;    
      |                                                            ^~
%Warning-COMBDLY: soc_top/mips/id.v:447:11: Non-blocking assignment '<=' in combinational logic process
                                          : ... This will be executed as a blocking assignment '='!
  447 |      wd_o <= inst_i[20:16]; instvalid <= 1'b0; 
      |           ^~
%Warning-COMBDLY: soc_top/mips/id.v:447:39: Non-blocking assignment '<=' in combinational logic process
                                          : ... This will be executed as a blocking assignment '='!
  447 |      wd_o <= inst_i[20:16]; instvalid <= 1'b0; 
      |                                       ^~
%Warning-COMBDLY: soc_top/mips/id.v:607:15: Non-blocking assignment '<=' in combinational logic process
                                          : ... This will be executed as a blocking assignment '='!
  607 |        wreg_o <= 1'b1;  aluop_o <= 8'b10110001;
      |               ^~
%Warning-COMBDLY: soc_top/mips/id.v:607:33: Non-blocking assignment '<=' in combinational logic process
                                          : ... This will be executed as a blocking assignment '='!
  607 |        wreg_o <= 1'b1;  aluop_o <= 8'b10110001;
      |                                 ^~
%Warning-COMBDLY: soc_top/mips/id.v:608:18: Non-blocking assignment '<=' in combinational logic process
                                          : ... This will be executed as a blocking assignment '='!
  608 |         alusel_o <= 3'b100; reg1_read_o <= 1'b1; reg2_read_o <= 1'b0;    
      |                  ^~
%Warning-COMBDLY: soc_top/mips/id.v:608:41: Non-blocking assignment '<=' in combinational logic process
                                          : ... This will be executed as a blocking assignment '='!
  608 |         alusel_o <= 3'b100; reg1_read_o <= 1'b1; reg2_read_o <= 1'b0;    
      |                                         ^~
%Warning-COMBDLY: soc_top/mips/id.v:608:62: Non-blocking assignment '<=' in combinational logic process
                                          : ... This will be executed as a blocking assignment '='!
  608 |         alusel_o <= 3'b100; reg1_read_o <= 1'b1; reg2_read_o <= 1'b0;    
      |                                                              ^~
%Warning-COMBDLY: soc_top/mips/id.v:609:18: Non-blocking assignment '<=' in combinational logic process
                                          : ... This will be executed as a blocking assignment '='!
  609 |        instvalid <= 1'b0; 
      |                  ^~
%Warning-COMBDLY: soc_top/mips/id.v:602:15: Non-blocking assignment '<=' in combinational logic process
                                          : ... This will be executed as a blocking assignment '='!
  602 |        wreg_o <= 1'b1;  aluop_o <= 8'b10110000;
      |               ^~
%Warning-COMBDLY: soc_top/mips/id.v:602:33: Non-blocking assignment '<=' in combinational logic process
                                          : ... This will be executed as a blocking assignment '='!
  602 |        wreg_o <= 1'b1;  aluop_o <= 8'b10110000;
      |                                 ^~
%Warning-COMBDLY: soc_top/mips/id.v:603:18: Non-blocking assignment '<=' in combinational logic process
                                          : ... This will be executed as a blocking assignment '='!
  603 |         alusel_o <= 3'b100; reg1_read_o <= 1'b1; reg2_read_o <= 1'b0;    
      |                  ^~
%Warning-COMBDLY: soc_top/mips/id.v:603:41: Non-blocking assignment '<=' in combinational logic process
                                          : ... This will be executed as a blocking assignment '='!
  603 |         alusel_o <= 3'b100; reg1_read_o <= 1'b1; reg2_read_o <= 1'b0;    
      |                                         ^~
%Warning-COMBDLY: soc_top/mips/id.v:603:62: Non-blocking assignment '<=' in combinational logic process
                                          : ... This will be executed as a blocking assignment '='!
  603 |         alusel_o <= 3'b100; reg1_read_o <= 1'b1; reg2_read_o <= 1'b0;    
      |                                                              ^~
%Warning-COMBDLY: soc_top/mips/id.v:604:18: Non-blocking assignment '<=' in combinational logic process
                                          : ... This will be executed as a blocking assignment '='!
  604 |        instvalid <= 1'b0; 
      |                  ^~
%Warning-COMBDLY: soc_top/mips/id.v:632:15: Non-blocking assignment '<=' in combinational logic process
                                          : ... This will be executed as a blocking assignment '='!
  632 |        wreg_o <= 1'b0;  aluop_o <= 8'b10101011;
      |               ^~
%Warning-COMBDLY: soc_top/mips/id.v:632:33: Non-blocking assignment '<=' in combinational logic process
                                          : ... This will be executed as a blocking assignment '='!
  632 |        wreg_o <= 1'b0;  aluop_o <= 8'b10101011;
      |                                 ^~
%Warning-COMBDLY: soc_top/mips/id.v:633:18: Non-blocking assignment '<=' in combinational logic process
                                          : ... This will be executed as a blocking assignment '='!
  633 |         alusel_o <= 3'b101; reg1_read_o <= 1'b1; reg2_read_o <= 1'b1;      
      |                  ^~
%Warning-COMBDLY: soc_top/mips/id.v:633:41: Non-blocking assignment '<=' in combinational logic process
                                          : ... This will be executed as a blocking assignment '='!
  633 |         alusel_o <= 3'b101; reg1_read_o <= 1'b1; reg2_read_o <= 1'b1;      
      |                                         ^~
%Warning-COMBDLY: soc_top/mips/id.v:633:62: Non-blocking assignment '<=' in combinational logic process
                                          : ... This will be executed as a blocking assignment '='!
  633 |         alusel_o <= 3'b101; reg1_read_o <= 1'b1; reg2_read_o <= 1'b1;      
      |                                                              ^~
%Warning-COMBDLY: soc_top/mips/id.v:634:19: Non-blocking assignment '<=' in combinational logic process
                                          : ... This will be executed as a blocking assignment '='!
  634 |         instvalid <= 1'b0; 
      |                   ^~
%Warning-COMBDLY: soc_top/mips/id.v:627:15: Non-blocking assignment '<=' in combinational logic process
                                          : ... This will be executed as a blocking assignment '='!
  627 |        wreg_o <= 1'b0;  aluop_o <= 8'b10101010;
      |               ^~
%Warning-COMBDLY: soc_top/mips/id.v:627:33: Non-blocking assignment '<=' in combinational logic process
                                          : ... This will be executed as a blocking assignment '='!
  627 |        wreg_o <= 1'b0;  aluop_o <= 8'b10101010;
      |                                 ^~
%Warning-COMBDLY: soc_top/mips/id.v:628:18: Non-blocking assignment '<=' in combinational logic process
                                          : ... This will be executed as a blocking assignment '='!
  628 |         alusel_o <= 3'b101; reg1_read_o <= 1'b1; reg2_read_o <= 1'b1;      
      |                  ^~
%Warning-COMBDLY: soc_top/mips/id.v:628:41: Non-blocking assignment '<=' in combinational logic process
                                          : ... This will be executed as a blocking assignment '='!
  628 |         alusel_o <= 3'b101; reg1_read_o <= 1'b1; reg2_read_o <= 1'b1;      
      |                                         ^~
%Warning-COMBDLY: soc_top/mips/id.v:628:62: Non-blocking assignment '<=' in combinational logic process
                                          : ... This will be executed as a blocking assignment '='!
  628 |         alusel_o <= 3'b101; reg1_read_o <= 1'b1; reg2_read_o <= 1'b1;      
      |                                                              ^~
%Warning-COMBDLY: soc_top/mips/id.v:629:19: Non-blocking assignment '<=' in combinational logic process
                                          : ... This will be executed as a blocking assignment '='!
  629 |         instvalid <= 1'b0; 
      |                   ^~
%Warning-COMBDLY: soc_top/mips/id.v:612:15: Non-blocking assignment '<=' in combinational logic process
                                          : ... This will be executed as a blocking assignment '='!
  612 |        wreg_o <= 1'b1;  aluop_o <= 8'b10101001;
      |               ^~
%Warning-COMBDLY: soc_top/mips/id.v:612:33: Non-blocking assignment '<=' in combinational logic process
                                          : ... This will be executed as a blocking assignment '='!
  612 |        wreg_o <= 1'b1;  aluop_o <= 8'b10101001;
      |                                 ^~
%Warning-COMBDLY: soc_top/mips/id.v:613:18: Non-blocking assignment '<=' in combinational logic process
                                          : ... This will be executed as a blocking assignment '='!
  613 |         alusel_o <= 3'b101; reg1_read_o <= 1'b1; reg2_read_o <= 1'b1; 
      |                  ^~
%Warning-COMBDLY: soc_top/mips/id.v:613:41: Non-blocking assignment '<=' in combinational logic process
                                          : ... This will be executed as a blocking assignment '='!
  613 |         alusel_o <= 3'b101; reg1_read_o <= 1'b1; reg2_read_o <= 1'b1; 
      |                                         ^~
%Warning-COMBDLY: soc_top/mips/id.v:613:62: Non-blocking assignment '<=' in combinational logic process
                                          : ... This will be executed as a blocking assignment '='!
  613 |         alusel_o <= 3'b101; reg1_read_o <= 1'b1; reg2_read_o <= 1'b1; 
      |                                                              ^~
%Warning-COMBDLY: soc_top/mips/id.v:614:19: Non-blocking assignment '<=' in combinational logic process
                                          : ... This will be executed as a blocking assignment '='!
  614 |         instvalid <= 1'b0;      
      |                   ^~
%Warning-COMBDLY: soc_top/mips/id.v:622:15: Non-blocking assignment '<=' in combinational logic process
                                          : ... This will be executed as a blocking assignment '='!
  622 |        wreg_o <= 1'b0;  aluop_o <= 8'b10101000;
      |               ^~
%Warning-COMBDLY: soc_top/mips/id.v:622:33: Non-blocking assignment '<=' in combinational logic process
                                          : ... This will be executed as a blocking assignment '='!
  622 |        wreg_o <= 1'b0;  aluop_o <= 8'b10101000;
      |                                 ^~
%Warning-COMBDLY: soc_top/mips/id.v:623:18: Non-blocking assignment '<=' in combinational logic process
                                          : ... This will be executed as a blocking assignment '='!
  623 |         alusel_o <= 3'b101; reg1_read_o <= 1'b1; reg2_read_o <= 1'b1;      
      |                  ^~
%Warning-COMBDLY: soc_top/mips/id.v:623:41: Non-blocking assignment '<=' in combinational logic process
                                          : ... This will be executed as a blocking assignment '='!
  623 |         alusel_o <= 3'b101; reg1_read_o <= 1'b1; reg2_read_o <= 1'b1;      
      |                                         ^~
%Warning-COMBDLY: soc_top/mips/id.v:623:62: Non-blocking assignment '<=' in combinational logic process
                                          : ... This will be executed as a blocking assignment '='!
  623 |         alusel_o <= 3'b101; reg1_read_o <= 1'b1; reg2_read_o <= 1'b1;      
      |                                                              ^~
%Warning-COMBDLY: soc_top/mips/id.v:624:19: Non-blocking assignment '<=' in combinational logic process
                                          : ... This will be executed as a blocking assignment '='!
  624 |         instvalid <= 1'b0; 
      |                   ^~
%Warning-COMBDLY: soc_top/mips/id.v:617:15: Non-blocking assignment '<=' in combinational logic process
                                          : ... This will be executed as a blocking assignment '='!
  617 |        wreg_o <= 1'b0;  aluop_o <= 8'b10100110;
      |               ^~
%Warning-COMBDLY: soc_top/mips/id.v:617:33: Non-blocking assignment '<=' in combinational logic process
                                          : ... This will be executed as a blocking assignment '='!
  617 |        wreg_o <= 1'b0;  aluop_o <= 8'b10100110;
      |                                 ^~
%Warning-COMBDLY: soc_top/mips/id.v:618:18: Non-blocking assignment '<=' in combinational logic process
                                          : ... This will be executed as a blocking assignment '='!
  618 |         alusel_o <= 3'b101; reg1_read_o <= 1'b1; reg2_read_o <= 1'b1;      
      |                  ^~
%Warning-COMBDLY: soc_top/mips/id.v:618:41: Non-blocking assignment '<=' in combinational logic process
                                          : ... This will be executed as a blocking assignment '='!
  618 |         alusel_o <= 3'b101; reg1_read_o <= 1'b1; reg2_read_o <= 1'b1;      
      |                                         ^~
%Warning-COMBDLY: soc_top/mips/id.v:618:62: Non-blocking assignment '<=' in combinational logic process
                                          : ... This will be executed as a blocking assignment '='!
  618 |         alusel_o <= 3'b101; reg1_read_o <= 1'b1; reg2_read_o <= 1'b1;      
      |                                                              ^~
%Warning-COMBDLY: soc_top/mips/id.v:619:19: Non-blocking assignment '<=' in combinational logic process
                                          : ... This will be executed as a blocking assignment '='!
  619 |         instvalid <= 1'b0; 
      |                   ^~
%Warning-COMBDLY: soc_top/mips/id.v:351:14: Non-blocking assignment '<=' in combinational logic process
                                          : ... This will be executed as a blocking assignment '='!
  351 |       wreg_o <= 1'b1;  aluop_o <= 8'b00100101;
      |              ^~
%Warning-COMBDLY: soc_top/mips/id.v:351:32: Non-blocking assignment '<=' in combinational logic process
                                          : ... This will be executed as a blocking assignment '='!
  351 |       wreg_o <= 1'b1;  aluop_o <= 8'b00100101;
      |                                ^~
%Warning-COMBDLY: soc_top/mips/id.v:352:16: Non-blocking assignment '<=' in combinational logic process
                                          : ... This will be executed as a blocking assignment '='!
  352 |       alusel_o <= 3'b001; reg1_read_o <= 1'b1; reg2_read_o <= 1'b0;    
      |                ^~
%Warning-COMBDLY: soc_top/mips/id.v:352:39: Non-blocking assignment '<=' in combinational logic process
                                          : ... This will be executed as a blocking assignment '='!
  352 |       alusel_o <= 3'b001; reg1_read_o <= 1'b1; reg2_read_o <= 1'b0;    
      |                                       ^~
%Warning-COMBDLY: soc_top/mips/id.v:352:60: Non-blocking assignment '<=' in combinational logic process
                                          : ... This will be executed as a blocking assignment '='!
  352 |       alusel_o <= 3'b001; reg1_read_o <= 1'b1; reg2_read_o <= 1'b0;    
      |                                                            ^~
%Warning-COMBDLY: soc_top/mips/id.v:353:10: Non-blocking assignment '<=' in combinational logic process
                                          : ... This will be executed as a blocking assignment '='!
  353 |      imm <= {inst_i[15:0], 16'h0};  wd_o <= inst_i[20:16];     
      |          ^~
%Warning-COMBDLY: soc_top/mips/id.v:353:42: Non-blocking assignment '<=' in combinational logic process
                                          : ... This will be executed as a blocking assignment '='!
  353 |      imm <= {inst_i[15:0], 16'h0};  wd_o <= inst_i[20:16];     
      |                                          ^~
%Warning-COMBDLY: soc_top/mips/id.v:354:16: Non-blocking assignment '<=' in combinational logic process
                                          : ... This will be executed as a blocking assignment '='!
  354 |      instvalid <= 1'b0; 
      |                ^~
%Warning-COMBDLY: soc_top/mips/id.v:345:14: Non-blocking assignment '<=' in combinational logic process
                                          : ... This will be executed as a blocking assignment '='!
  345 |       wreg_o <= 1'b1;  aluop_o <= 8'b00100110;
      |              ^~
%Warning-COMBDLY: soc_top/mips/id.v:345:32: Non-blocking assignment '<=' in combinational logic process
                                          : ... This will be executed as a blocking assignment '='!
  345 |       wreg_o <= 1'b1;  aluop_o <= 8'b00100110;
      |                                ^~
%Warning-COMBDLY: soc_top/mips/id.v:346:16: Non-blocking assignment '<=' in combinational logic process
                                          : ... This will be executed as a blocking assignment '='!
  346 |       alusel_o <= 3'b001; reg1_read_o <= 1'b1; reg2_read_o <= 1'b0;    
      |                ^~
%Warning-COMBDLY: soc_top/mips/id.v:346:39: Non-blocking assignment '<=' in combinational logic process
                                          : ... This will be executed as a blocking assignment '='!
  346 |       alusel_o <= 3'b001; reg1_read_o <= 1'b1; reg2_read_o <= 1'b0;    
      |                                       ^~
%Warning-COMBDLY: soc_top/mips/id.v:346:60: Non-blocking assignment '<=' in combinational logic process
                                          : ... This will be executed as a blocking assignment '='!
  346 |       alusel_o <= 3'b001; reg1_read_o <= 1'b1; reg2_read_o <= 1'b0;    
      |                                                            ^~
%Warning-COMBDLY: soc_top/mips/id.v:347:10: Non-blocking assignment '<=' in combinational logic process
                                          : ... This will be executed as a blocking assignment '='!
  347 |      imm <= {16'h0, inst_i[15:0]};  wd_o <= inst_i[20:16];     
      |          ^~
%Warning-COMBDLY: soc_top/mips/id.v:347:42: Non-blocking assignment '<=' in combinational logic process
                                          : ... This will be executed as a blocking assignment '='!
  347 |      imm <= {16'h0, inst_i[15:0]};  wd_o <= inst_i[20:16];     
      |                                          ^~
%Warning-COMBDLY: soc_top/mips/id.v:348:16: Non-blocking assignment '<=' in combinational logic process
                                          : ... This will be executed as a blocking assignment '='!
  348 |      instvalid <= 1'b0; 
      |                ^~
%Warning-COMBDLY: soc_top/mips/id.v:333:14: Non-blocking assignment '<=' in combinational logic process
                                          : ... This will be executed as a blocking assignment '='!
  333 |       wreg_o <= 1'b1;  aluop_o <= 8'b00100101;
      |              ^~
%Warning-COMBDLY: soc_top/mips/id.v:333:32: Non-blocking assignment '<=' in combinational logic process
                                          : ... This will be executed as a blocking assignment '='!
  333 |       wreg_o <= 1'b1;  aluop_o <= 8'b00100101;
      |                                ^~
%Warning-COMBDLY: soc_top/mips/id.v:334:16: Non-blocking assignment '<=' in combinational logic process
                                          : ... This will be executed as a blocking assignment '='!
  334 |       alusel_o <= 3'b001; reg1_read_o <= 1'b1; reg2_read_o <= 1'b0;    
      |                ^~
%Warning-COMBDLY: soc_top/mips/id.v:334:39: Non-blocking assignment '<=' in combinational logic process
                                          : ... This will be executed as a blocking assignment '='!
  334 |       alusel_o <= 3'b001; reg1_read_o <= 1'b1; reg2_read_o <= 1'b0;    
      |                                       ^~
%Warning-COMBDLY: soc_top/mips/id.v:334:60: Non-blocking assignment '<=' in combinational logic process
                                          : ... This will be executed as a blocking assignment '='!
  334 |       alusel_o <= 3'b001; reg1_read_o <= 1'b1; reg2_read_o <= 1'b0;    
      |                                                            ^~
%Warning-COMBDLY: soc_top/mips/id.v:335:10: Non-blocking assignment '<=' in combinational logic process
                                          : ... This will be executed as a blocking assignment '='!
  335 |      imm <= {16'h0, inst_i[15:0]};  wd_o <= inst_i[20:16];
      |          ^~
%Warning-COMBDLY: soc_top/mips/id.v:335:42: Non-blocking assignment '<=' in combinational logic process
                                          : ... This will be executed as a blocking assignment '='!
  335 |      imm <= {16'h0, inst_i[15:0]};  wd_o <= inst_i[20:16];
      |                                          ^~
%Warning-COMBDLY: soc_top/mips/id.v:336:16: Non-blocking assignment '<=' in combinational logic process
                                          : ... This will be executed as a blocking assignment '='!
  336 |      instvalid <= 1'b0; 
      |                ^~
%Warning-COMBDLY: soc_top/mips/id.v:339:14: Non-blocking assignment '<=' in combinational logic process
                                          : ... This will be executed as a blocking assignment '='!
  339 |       wreg_o <= 1'b1;  aluop_o <= 8'b00100100;
      |              ^~
%Warning-COMBDLY: soc_top/mips/id.v:339:32: Non-blocking assignment '<=' in combinational logic process
                                          : ... This will be executed as a blocking assignment '='!
  339 |       wreg_o <= 1'b1;  aluop_o <= 8'b00100100;
      |                                ^~
%Warning-COMBDLY: soc_top/mips/id.v:340:16: Non-blocking assignment '<=' in combinational logic process
                                          : ... This will be executed as a blocking assignment '='!
  340 |       alusel_o <= 3'b001; reg1_read_o <= 1'b1; reg2_read_o <= 1'b0;    
      |                ^~
%Warning-COMBDLY: soc_top/mips/id.v:340:39: Non-blocking assignment '<=' in combinational logic process
                                          : ... This will be executed as a blocking assignment '='!
  340 |       alusel_o <= 3'b001; reg1_read_o <= 1'b1; reg2_read_o <= 1'b0;    
      |                                       ^~
%Warning-COMBDLY: soc_top/mips/id.v:340:60: Non-blocking assignment '<=' in combinational logic process
                                          : ... This will be executed as a blocking assignment '='!
  340 |       alusel_o <= 3'b001; reg1_read_o <= 1'b1; reg2_read_o <= 1'b0;    
      |                                                            ^~
%Warning-COMBDLY: soc_top/mips/id.v:341:10: Non-blocking assignment '<=' in combinational logic process
                                          : ... This will be executed as a blocking assignment '='!
  341 |      imm <= {16'h0, inst_i[15:0]};  wd_o <= inst_i[20:16];     
      |          ^~
%Warning-COMBDLY: soc_top/mips/id.v:341:42: Non-blocking assignment '<=' in combinational logic process
                                          : ... This will be executed as a blocking assignment '='!
  341 |      imm <= {16'h0, inst_i[15:0]};  wd_o <= inst_i[20:16];     
      |                                          ^~
%Warning-COMBDLY: soc_top/mips/id.v:342:16: Non-blocking assignment '<=' in combinational logic process
                                          : ... This will be executed as a blocking assignment '='!
  342 |      instvalid <= 1'b0; 
      |                ^~
%Warning-COMBDLY: soc_top/mips/id.v:363:14: Non-blocking assignment '<=' in combinational logic process
                                          : ... This will be executed as a blocking assignment '='!
  363 |       wreg_o <= 1'b1;  aluop_o <= 8'b00101011;
      |              ^~
%Warning-COMBDLY: soc_top/mips/id.v:363:32: Non-blocking assignment '<=' in combinational logic process
                                          : ... This will be executed as a blocking assignment '='!
  363 |       wreg_o <= 1'b1;  aluop_o <= 8'b00101011;
      |                                ^~
%Warning-COMBDLY: soc_top/mips/id.v:364:16: Non-blocking assignment '<=' in combinational logic process
                                          : ... This will be executed as a blocking assignment '='!
  364 |       alusel_o <= 3'b100; reg1_read_o <= 1'b1; reg2_read_o <= 1'b0;    
      |                ^~
%Warning-COMBDLY: soc_top/mips/id.v:364:39: Non-blocking assignment '<=' in combinational logic process
                                          : ... This will be executed as a blocking assignment '='!
  364 |       alusel_o <= 3'b100; reg1_read_o <= 1'b1; reg2_read_o <= 1'b0;    
      |                                       ^~
%Warning-COMBDLY: soc_top/mips/id.v:364:60: Non-blocking assignment '<=' in combinational logic process
                                          : ... This will be executed as a blocking assignment '='!
  364 |       alusel_o <= 3'b100; reg1_read_o <= 1'b1; reg2_read_o <= 1'b0;    
      |                                                            ^~
%Warning-COMBDLY: soc_top/mips/id.v:365:10: Non-blocking assignment '<=' in combinational logic process
                                          : ... This will be executed as a blocking assignment '='!
  365 |      imm <= {{16{inst_i[15]}}, inst_i[15:0]};  wd_o <= inst_i[20:16];     
      |          ^~
%Warning-COMBDLY: soc_top/mips/id.v:365:53: Non-blocking assignment '<=' in combinational logic process
                                          : ... This will be executed as a blocking assignment '='!
  365 |      imm <= {{16{inst_i[15]}}, inst_i[15:0]};  wd_o <= inst_i[20:16];     
      |                                                     ^~
%Warning-COMBDLY: soc_top/mips/id.v:366:16: Non-blocking assignment '<=' in combinational logic process
                                          : ... This will be executed as a blocking assignment '='!
  366 |      instvalid <= 1'b0; 
      |                ^~
%Warning-COMBDLY: soc_top/mips/id.v:357:14: Non-blocking assignment '<=' in combinational logic process
                                          : ... This will be executed as a blocking assignment '='!
  357 |       wreg_o <= 1'b1;  aluop_o <= 8'b00101010;
      |              ^~
%Warning-COMBDLY: soc_top/mips/id.v:357:32: Non-blocking assignment '<=' in combinational logic process
                                          : ... This will be executed as a blocking assignment '='!
  357 |       wreg_o <= 1'b1;  aluop_o <= 8'b00101010;
      |                                ^~
%Warning-COMBDLY: soc_top/mips/id.v:358:16: Non-blocking assignment '<=' in combinational logic process
                                          : ... This will be executed as a blocking assignment '='!
  358 |       alusel_o <= 3'b100; reg1_read_o <= 1'b1; reg2_read_o <= 1'b0;    
      |                ^~
%Warning-COMBDLY: soc_top/mips/id.v:358:39: Non-blocking assignment '<=' in combinational logic process
                                          : ... This will be executed as a blocking assignment '='!
  358 |       alusel_o <= 3'b100; reg1_read_o <= 1'b1; reg2_read_o <= 1'b0;    
      |                                       ^~
%Warning-COMBDLY: soc_top/mips/id.v:358:60: Non-blocking assignment '<=' in combinational logic process
                                          : ... This will be executed as a blocking assignment '='!
  358 |       alusel_o <= 3'b100; reg1_read_o <= 1'b1; reg2_read_o <= 1'b0;    
      |                                                            ^~
%Warning-COMBDLY: soc_top/mips/id.v:359:10: Non-blocking assignment '<=' in combinational logic process
                                          : ... This will be executed as a blocking assignment '='!
  359 |      imm <= {{16{inst_i[15]}}, inst_i[15:0]};  wd_o <= inst_i[20:16];     
      |          ^~
%Warning-COMBDLY: soc_top/mips/id.v:359:53: Non-blocking assignment '<=' in combinational logic process
                                          : ... This will be executed as a blocking assignment '='!
  359 |      imm <= {{16{inst_i[15]}}, inst_i[15:0]};  wd_o <= inst_i[20:16];     
      |                                                     ^~
%Warning-COMBDLY: soc_top/mips/id.v:360:16: Non-blocking assignment '<=' in combinational logic process
                                          : ... This will be executed as a blocking assignment '='!
  360 |      instvalid <= 1'b0; 
      |                ^~
%Warning-COMBDLY: soc_top/mips/id.v:380:14: Non-blocking assignment '<=' in combinational logic process
                                          : ... This will be executed as a blocking assignment '='!
  380 |       wreg_o <= 1'b1;  aluop_o <= 8'b01010110;
      |              ^~
%Warning-COMBDLY: soc_top/mips/id.v:380:32: Non-blocking assignment '<=' in combinational logic process
                                          : ... This will be executed as a blocking assignment '='!
  380 |       wreg_o <= 1'b1;  aluop_o <= 8'b01010110;
      |                                ^~
%Warning-COMBDLY: soc_top/mips/id.v:381:16: Non-blocking assignment '<=' in combinational logic process
                                          : ... This will be executed as a blocking assignment '='!
  381 |       alusel_o <= 3'b100; reg1_read_o <= 1'b1; reg2_read_o <= 1'b0;    
      |                ^~
%Warning-COMBDLY: soc_top/mips/id.v:381:39: Non-blocking assignment '<=' in combinational logic process
                                          : ... This will be executed as a blocking assignment '='!
  381 |       alusel_o <= 3'b100; reg1_read_o <= 1'b1; reg2_read_o <= 1'b0;    
      |                                       ^~
%Warning-COMBDLY: soc_top/mips/id.v:381:60: Non-blocking assignment '<=' in combinational logic process
                                          : ... This will be executed as a blocking assignment '='!
  381 |       alusel_o <= 3'b100; reg1_read_o <= 1'b1; reg2_read_o <= 1'b0;    
      |                                                            ^~
%Warning-COMBDLY: soc_top/mips/id.v:382:10: Non-blocking assignment '<=' in combinational logic process
                                          : ... This will be executed as a blocking assignment '='!
  382 |      imm <= {{16{inst_i[15]}}, inst_i[15:0]};  wd_o <= inst_i[20:16];     
      |          ^~
%Warning-COMBDLY: soc_top/mips/id.v:382:53: Non-blocking assignment '<=' in combinational logic process
                                          : ... This will be executed as a blocking assignment '='!
  382 |      imm <= {{16{inst_i[15]}}, inst_i[15:0]};  wd_o <= inst_i[20:16];     
      |                                                     ^~
%Warning-COMBDLY: soc_top/mips/id.v:383:16: Non-blocking assignment '<=' in combinational logic process
                                          : ... This will be executed as a blocking assignment '='!
  383 |      instvalid <= 1'b0; 
      |                ^~
%Warning-COMBDLY: soc_top/mips/id.v:374:14: Non-blocking assignment '<=' in combinational logic process
                                          : ... This will be executed as a blocking assignment '='!
  374 |       wreg_o <= 1'b1;  aluop_o <= 8'b01010101;
      |              ^~
%Warning-COMBDLY: soc_top/mips/id.v:374:32: Non-blocking assignment '<=' in combinational logic process
                                          : ... This will be executed as a blocking assignment '='!
  374 |       wreg_o <= 1'b1;  aluop_o <= 8'b01010101;
      |                                ^~
%Warning-COMBDLY: soc_top/mips/id.v:375:16: Non-blocking assignment '<=' in combinational logic process
                                          : ... This will be executed as a blocking assignment '='!
  375 |       alusel_o <= 3'b100; reg1_read_o <= 1'b1; reg2_read_o <= 1'b0;    
      |                ^~
%Warning-COMBDLY: soc_top/mips/id.v:375:39: Non-blocking assignment '<=' in combinational logic process
                                          : ... This will be executed as a blocking assignment '='!
  375 |       alusel_o <= 3'b100; reg1_read_o <= 1'b1; reg2_read_o <= 1'b0;    
      |                                       ^~
%Warning-COMBDLY: soc_top/mips/id.v:375:60: Non-blocking assignment '<=' in combinational logic process
                                          : ... This will be executed as a blocking assignment '='!
  375 |       alusel_o <= 3'b100; reg1_read_o <= 1'b1; reg2_read_o <= 1'b0;    
      |                                                            ^~
%Warning-COMBDLY: soc_top/mips/id.v:376:10: Non-blocking assignment '<=' in combinational logic process
                                          : ... This will be executed as a blocking assignment '='!
  376 |      imm <= {{16{inst_i[15]}}, inst_i[15:0]};  wd_o <= inst_i[20:16];     
      |          ^~
%Warning-COMBDLY: soc_top/mips/id.v:376:53: Non-blocking assignment '<=' in combinational logic process
                                          : ... This will be executed as a blocking assignment '='!
  376 |      imm <= {{16{inst_i[15]}}, inst_i[15:0]};  wd_o <= inst_i[20:16];     
      |                                                     ^~
%Warning-COMBDLY: soc_top/mips/id.v:377:16: Non-blocking assignment '<=' in combinational logic process
                                          : ... This will be executed as a blocking assignment '='!
  377 |      instvalid <= 1'b0; 
      |                ^~
%Warning-COMBDLY: soc_top/mips/id.v:415:14: Non-blocking assignment '<=' in combinational logic process
                                          : ... This will be executed as a blocking assignment '='!
  415 |       wreg_o <= 1'b0;  aluop_o <= 8'b01010100;
      |              ^~
%Warning-COMBDLY: soc_top/mips/id.v:415:32: Non-blocking assignment '<=' in combinational logic process
                                          : ... This will be executed as a blocking assignment '='!
  415 |       wreg_o <= 1'b0;  aluop_o <= 8'b01010100;
      |                                ^~
%Warning-COMBDLY: soc_top/mips/id.v:416:16: Non-blocking assignment '<=' in combinational logic process
                                          : ... This will be executed as a blocking assignment '='!
  416 |       alusel_o <= 3'b110; reg1_read_o <= 1'b1; reg2_read_o <= 1'b0;
      |                ^~
%Warning-COMBDLY: soc_top/mips/id.v:416:39: Non-blocking assignment '<=' in combinational logic process
                                          : ... This will be executed as a blocking assignment '='!
  416 |       alusel_o <= 3'b110; reg1_read_o <= 1'b1; reg2_read_o <= 1'b0;
      |                                       ^~
%Warning-COMBDLY: soc_top/mips/id.v:416:60: Non-blocking assignment '<=' in combinational logic process
                                          : ... This will be executed as a blocking assignment '='!
  416 |       alusel_o <= 3'b110; reg1_read_o <= 1'b1; reg2_read_o <= 1'b0;
      |                                                            ^~
%Warning-COMBDLY: soc_top/mips/id.v:417:17: Non-blocking assignment '<=' in combinational logic process
                                          : ... This will be executed as a blocking assignment '='!
  417 |       instvalid <= 1'b0; 
      |                 ^~
%Warning-COMBDLY: soc_top/mips/id.v:419:33: Non-blocking assignment '<=' in combinational logic process
                                          : ... This will be executed as a blocking assignment '='!
  419 |         branch_target_address_o <= pc_plus_4 + imm_sll2_signedext;
      |                                 ^~
%Warning-COMBDLY: soc_top/mips/id.v:420:23: Non-blocking assignment '<=' in combinational logic process
                                          : ... This will be executed as a blocking assignment '='!
  420 |         branch_flag_o <= 1'b1;
      |                       ^~
%Warning-COMBDLY: soc_top/mips/id.v:421:34: Non-blocking assignment '<=' in combinational logic process
                                          : ... This will be executed as a blocking assignment '='!
  421 |         next_inst_in_delayslot_o <= 1'b1;     
      |                                  ^~
%Warning-COMBDLY: soc_top/mips/id.v:425:14: Non-blocking assignment '<=' in combinational logic process
                                          : ... This will be executed as a blocking assignment '='!
  425 |       wreg_o <= 1'b0;  aluop_o <= 8'b01010011;
      |              ^~
%Warning-COMBDLY: soc_top/mips/id.v:425:32: Non-blocking assignment '<=' in combinational logic process
                                          : ... This will be executed as a blocking assignment '='!
  425 |       wreg_o <= 1'b0;  aluop_o <= 8'b01010011;
      |                                ^~
%Warning-COMBDLY: soc_top/mips/id.v:426:16: Non-blocking assignment '<=' in combinational logic process
                                          : ... This will be executed as a blocking assignment '='!
  426 |       alusel_o <= 3'b110; reg1_read_o <= 1'b1; reg2_read_o <= 1'b0;
      |                ^~
%Warning-COMBDLY: soc_top/mips/id.v:426:39: Non-blocking assignment '<=' in combinational logic process
                                          : ... This will be executed as a blocking assignment '='!
  426 |       alusel_o <= 3'b110; reg1_read_o <= 1'b1; reg2_read_o <= 1'b0;
      |                                       ^~
%Warning-COMBDLY: soc_top/mips/id.v:426:60: Non-blocking assignment '<=' in combinational logic process
                                          : ... This will be executed as a blocking assignment '='!
  426 |       alusel_o <= 3'b110; reg1_read_o <= 1'b1; reg2_read_o <= 1'b0;
      |                                                            ^~
%Warning-COMBDLY: soc_top/mips/id.v:427:17: Non-blocking assignment '<=' in combinational logic process
                                          : ... This will be executed as a blocking assignment '='!
  427 |       instvalid <= 1'b0; 
      |                 ^~
%Warning-COMBDLY: soc_top/mips/id.v:429:33: Non-blocking assignment '<=' in combinational logic process
                                          : ... This will be executed as a blocking assignment '='!
  429 |         branch_target_address_o <= pc_plus_4 + imm_sll2_signedext;
      |                                 ^~
%Warning-COMBDLY: soc_top/mips/id.v:430:23: Non-blocking assignment '<=' in combinational logic process
                                          : ... This will be executed as a blocking assignment '='!
  430 |         branch_flag_o <= 1'b1;
      |                       ^~
%Warning-COMBDLY: soc_top/mips/id.v:431:34: Non-blocking assignment '<=' in combinational logic process
                                          : ... This will be executed as a blocking assignment '='!
  431 |         next_inst_in_delayslot_o <= 1'b1;     
      |                                  ^~
%Warning-COMBDLY: soc_top/mips/id.v:435:14: Non-blocking assignment '<=' in combinational logic process
                                          : ... This will be executed as a blocking assignment '='!
  435 |       wreg_o <= 1'b0;  aluop_o <= 8'b01010011;
      |              ^~
%Warning-COMBDLY: soc_top/mips/id.v:435:32: Non-blocking assignment '<=' in combinational logic process
                                          : ... This will be executed as a blocking assignment '='!
  435 |       wreg_o <= 1'b0;  aluop_o <= 8'b01010011;
      |                                ^~
%Warning-COMBDLY: soc_top/mips/id.v:436:16: Non-blocking assignment '<=' in combinational logic process
                                          : ... This will be executed as a blocking assignment '='!
  436 |       alusel_o <= 3'b110; reg1_read_o <= 1'b1; reg2_read_o <= 1'b1;
      |                ^~
%Warning-COMBDLY: soc_top/mips/id.v:436:39: Non-blocking assignment '<=' in combinational logic process
                                          : ... This will be executed as a blocking assignment '='!
  436 |       alusel_o <= 3'b110; reg1_read_o <= 1'b1; reg2_read_o <= 1'b1;
      |                                       ^~
%Warning-COMBDLY: soc_top/mips/id.v:436:60: Non-blocking assignment '<=' in combinational logic process
                                          : ... This will be executed as a blocking assignment '='!
  436 |       alusel_o <= 3'b110; reg1_read_o <= 1'b1; reg2_read_o <= 1'b1;
      |                                                            ^~
%Warning-COMBDLY: soc_top/mips/id.v:437:17: Non-blocking assignment '<=' in combinational logic process
                                          : ... This will be executed as a blocking assignment '='!
  437 |       instvalid <= 1'b0; 
      |                 ^~
%Warning-COMBDLY: soc_top/mips/id.v:439:33: Non-blocking assignment '<=' in combinational logic process
                                          : ... This will be executed as a blocking assignment '='!
  439 |         branch_target_address_o <= pc_plus_4 + imm_sll2_signedext;
      |                                 ^~
%Warning-COMBDLY: soc_top/mips/id.v:440:23: Non-blocking assignment '<=' in combinational logic process
                                          : ... This will be executed as a blocking assignment '='!
  440 |         branch_flag_o <= 1'b1;
      |                       ^~
%Warning-COMBDLY: soc_top/mips/id.v:441:34: Non-blocking assignment '<=' in combinational logic process
                                          : ... This will be executed as a blocking assignment '='!
  441 |         next_inst_in_delayslot_o <= 1'b1;     
      |                                  ^~
%Warning-COMBDLY: soc_top/mips/id.v:405:14: Non-blocking assignment '<=' in combinational logic process
                                          : ... This will be executed as a blocking assignment '='!
  405 |       wreg_o <= 1'b0;  aluop_o <= 8'b01010001;
      |              ^~
%Warning-COMBDLY: soc_top/mips/id.v:405:32: Non-blocking assignment '<=' in combinational logic process
                                          : ... This will be executed as a blocking assignment '='!
  405 |       wreg_o <= 1'b0;  aluop_o <= 8'b01010001;
      |                                ^~
%Warning-COMBDLY: soc_top/mips/id.v:406:16: Non-blocking assignment '<=' in combinational logic process
                                          : ... This will be executed as a blocking assignment '='!
  406 |       alusel_o <= 3'b110; reg1_read_o <= 1'b1; reg2_read_o <= 1'b1;
      |                ^~
%Warning-COMBDLY: soc_top/mips/id.v:406:39: Non-blocking assignment '<=' in combinational logic process
                                          : ... This will be executed as a blocking assignment '='!
  406 |       alusel_o <= 3'b110; reg1_read_o <= 1'b1; reg2_read_o <= 1'b1;
      |                                       ^~
%Warning-COMBDLY: soc_top/mips/id.v:406:60: Non-blocking assignment '<=' in combinational logic process
                                          : ... This will be executed as a blocking assignment '='!
  406 |       alusel_o <= 3'b110; reg1_read_o <= 1'b1; reg2_read_o <= 1'b1;
      |                                                            ^~
%Warning-COMBDLY: soc_top/mips/id.v:407:17: Non-blocking assignment '<=' in combinational logic process
                                          : ... This will be executed as a blocking assignment '='!
  407 |       instvalid <= 1'b0; 
      |                 ^~
%Warning-COMBDLY: soc_top/mips/id.v:409:33: Non-blocking assignment '<=' in combinational logic process
                                          : ... This will be executed as a blocking assignment '='!
  409 |         branch_target_address_o <= pc_plus_4 + imm_sll2_signedext;
      |                                 ^~
%Warning-COMBDLY: soc_top/mips/id.v:410:23: Non-blocking assignment '<=' in combinational logic process
                                          : ... This will be executed as a blocking assignment '='!
  410 |         branch_flag_o <= 1'b1;
      |                       ^~
%Warning-COMBDLY: soc_top/mips/id.v:411:34: Non-blocking assignment '<=' in combinational logic process
                                          : ... This will be executed as a blocking assignment '='!
  411 |         next_inst_in_delayslot_o <= 1'b1;     
      |                                  ^~
%Warning-COMBDLY: soc_top/mips/id.v:395:14: Non-blocking assignment '<=' in combinational logic process
                                          : ... This will be executed as a blocking assignment '='!
  395 |       wreg_o <= 1'b1;  aluop_o <= 8'b01010000;
      |              ^~
%Warning-COMBDLY: soc_top/mips/id.v:395:32: Non-blocking assignment '<=' in combinational logic process
                                          : ... This will be executed as a blocking assignment '='!
  395 |       wreg_o <= 1'b1;  aluop_o <= 8'b01010000;
      |                                ^~
%Warning-COMBDLY: soc_top/mips/id.v:396:16: Non-blocking assignment '<=' in combinational logic process
                                          : ... This will be executed as a blocking assignment '='!
  396 |       alusel_o <= 3'b110; reg1_read_o <= 1'b0; reg2_read_o <= 1'b0;
      |                ^~
%Warning-COMBDLY: soc_top/mips/id.v:396:39: Non-blocking assignment '<=' in combinational logic process
                                          : ... This will be executed as a blocking assignment '='!
  396 |       alusel_o <= 3'b110; reg1_read_o <= 1'b0; reg2_read_o <= 1'b0;
      |                                       ^~
%Warning-COMBDLY: soc_top/mips/id.v:396:60: Non-blocking assignment '<=' in combinational logic process
                                          : ... This will be executed as a blocking assignment '='!
  396 |       alusel_o <= 3'b110; reg1_read_o <= 1'b0; reg2_read_o <= 1'b0;
      |                                                            ^~
%Warning-COMBDLY: soc_top/mips/id.v:397:12: Non-blocking assignment '<=' in combinational logic process
                                          : ... This will be executed as a blocking assignment '='!
  397 |       wd_o <= 5'b11111; 
      |            ^~
%Warning-COMBDLY: soc_top/mips/id.v:398:19: Non-blocking assignment '<=' in combinational logic process
                                          : ... This will be executed as a blocking assignment '='!
  398 |       link_addr_o <= pc_plus_8 ;
      |                   ^~
%Warning-COMBDLY: soc_top/mips/id.v:399:32: Non-blocking assignment '<=' in combinational logic process
                                          : ... This will be executed as a blocking assignment '='!
  399 |        branch_target_address_o <= {pc_plus_4[31:28], inst_i[25:0], 2'b00};
      |                                ^~
%Warning-COMBDLY: soc_top/mips/id.v:400:22: Non-blocking assignment '<=' in combinational logic process
                                          : ... This will be executed as a blocking assignment '='!
  400 |        branch_flag_o <= 1'b1;
      |                      ^~
%Warning-COMBDLY: soc_top/mips/id.v:401:33: Non-blocking assignment '<=' in combinational logic process
                                          : ... This will be executed as a blocking assignment '='!
  401 |        next_inst_in_delayslot_o <= 1'b1;     
      |                                 ^~
%Warning-COMBDLY: soc_top/mips/id.v:402:18: Non-blocking assignment '<=' in combinational logic process
                                          : ... This will be executed as a blocking assignment '='!
  402 |        instvalid <= 1'b0; 
      |                  ^~
%Warning-COMBDLY: soc_top/mips/id.v:386:14: Non-blocking assignment '<=' in combinational logic process
                                          : ... This will be executed as a blocking assignment '='!
  386 |       wreg_o <= 1'b0;  aluop_o <= 8'b01001111;
      |              ^~
%Warning-COMBDLY: soc_top/mips/id.v:386:32: Non-blocking assignment '<=' in combinational logic process
                                          : ... This will be executed as a blocking assignment '='!
  386 |       wreg_o <= 1'b0;  aluop_o <= 8'b01001111;
      |                                ^~
%Warning-COMBDLY: soc_top/mips/id.v:387:16: Non-blocking assignment '<=' in combinational logic process
                                          : ... This will be executed as a blocking assignment '='!
  387 |       alusel_o <= 3'b110; reg1_read_o <= 1'b0; reg2_read_o <= 1'b0;
      |                ^~
%Warning-COMBDLY: soc_top/mips/id.v:387:39: Non-blocking assignment '<=' in combinational logic process
                                          : ... This will be executed as a blocking assignment '='!
  387 |       alusel_o <= 3'b110; reg1_read_o <= 1'b0; reg2_read_o <= 1'b0;
      |                                       ^~
%Warning-COMBDLY: soc_top/mips/id.v:387:60: Non-blocking assignment '<=' in combinational logic process
                                          : ... This will be executed as a blocking assignment '='!
  387 |       alusel_o <= 3'b110; reg1_read_o <= 1'b0; reg2_read_o <= 1'b0;
      |                                                            ^~
%Warning-COMBDLY: soc_top/mips/id.v:388:19: Non-blocking assignment '<=' in combinational logic process
                                          : ... This will be executed as a blocking assignment '='!
  388 |       link_addr_o <= 32'h00000000;
      |                   ^~
%Warning-COMBDLY: soc_top/mips/id.v:389:32: Non-blocking assignment '<=' in combinational logic process
                                          : ... This will be executed as a blocking assignment '='!
  389 |        branch_target_address_o <= {pc_plus_4[31:28], inst_i[25:0], 2'b00};
      |                                ^~
%Warning-COMBDLY: soc_top/mips/id.v:390:22: Non-blocking assignment '<=' in combinational logic process
                                          : ... This will be executed as a blocking assignment '='!
  390 |        branch_flag_o <= 1'b1;
      |                      ^~
%Warning-COMBDLY: soc_top/mips/id.v:391:33: Non-blocking assignment '<=' in combinational logic process
                                          : ... This will be executed as a blocking assignment '='!
  391 |        next_inst_in_delayslot_o <= 1'b1;     
      |                                 ^~
%Warning-COMBDLY: soc_top/mips/id.v:392:18: Non-blocking assignment '<=' in combinational logic process
                                          : ... This will be executed as a blocking assignment '='!
  392 |        instvalid <= 1'b0; 
      |                  ^~
%Warning-COMBDLY: soc_top/mips/id.v:528:15: Non-blocking assignment '<=' in combinational logic process
                                          : ... This will be executed as a blocking assignment '='!
  528 |        wreg_o <= 1'b1;  aluop_o <= 8'b01001011;
      |               ^~
%Warning-COMBDLY: soc_top/mips/id.v:528:33: Non-blocking assignment '<=' in combinational logic process
                                          : ... This will be executed as a blocking assignment '='!
  528 |        wreg_o <= 1'b1;  aluop_o <= 8'b01001011;
      |                                 ^~
%Warning-COMBDLY: soc_top/mips/id.v:529:18: Non-blocking assignment '<=' in combinational logic process
                                          : ... This will be executed as a blocking assignment '='!
  529 |         alusel_o <= 3'b110; reg1_read_o <= 1'b1; reg2_read_o <= 1'b0;
      |                  ^~
%Warning-COMBDLY: soc_top/mips/id.v:529:41: Non-blocking assignment '<=' in combinational logic process
                                          : ... This will be executed as a blocking assignment '='!
  529 |         alusel_o <= 3'b110; reg1_read_o <= 1'b1; reg2_read_o <= 1'b0;
      |                                         ^~
%Warning-COMBDLY: soc_top/mips/id.v:529:62: Non-blocking assignment '<=' in combinational logic process
                                          : ... This will be executed as a blocking assignment '='!
  529 |         alusel_o <= 3'b110; reg1_read_o <= 1'b1; reg2_read_o <= 1'b0;
      |                                                              ^~
%Warning-COMBDLY: soc_top/mips/id.v:530:21: Non-blocking assignment '<=' in combinational logic process
                                          : ... This will be executed as a blocking assignment '='!
  530 |         link_addr_o <= pc_plus_8; 
      |                     ^~
%Warning-COMBDLY: soc_top/mips/id.v:531:14: Non-blocking assignment '<=' in combinational logic process
                                          : ... This will be executed as a blocking assignment '='!
  531 |         wd_o <= 5'b11111;   instvalid <= 1'b0;
      |              ^~
%Warning-COMBDLY: soc_top/mips/id.v:531:39: Non-blocking assignment '<=' in combinational logic process
                                          : ... This will be executed as a blocking assignment '='!
  531 |         wd_o <= 5'b11111;   instvalid <= 1'b0;
      |                                       ^~
%Warning-COMBDLY: soc_top/mips/id.v:533:35: Non-blocking assignment '<=' in combinational logic process
                                          : ... This will be executed as a blocking assignment '='!
  533 |           branch_target_address_o <= pc_plus_4 + imm_sll2_signedext;
      |                                   ^~
%Warning-COMBDLY: soc_top/mips/id.v:534:25: Non-blocking assignment '<=' in combinational logic process
                                          : ... This will be executed as a blocking assignment '='!
  534 |           branch_flag_o <= 1'b1;
      |                         ^~
%Warning-COMBDLY: soc_top/mips/id.v:535:36: Non-blocking assignment '<=' in combinational logic process
                                          : ... This will be executed as a blocking assignment '='!
  535 |           next_inst_in_delayslot_o <= 1'b1;
      |                                    ^~
%Warning-COMBDLY: soc_top/mips/id.v:549:15: Non-blocking assignment '<=' in combinational logic process
                                          : ... This will be executed as a blocking assignment '='!
  549 |        wreg_o <= 1'b1;  aluop_o <= 8'b01001011;
      |               ^~
%Warning-COMBDLY: soc_top/mips/id.v:549:33: Non-blocking assignment '<=' in combinational logic process
                                          : ... This will be executed as a blocking assignment '='!
  549 |        wreg_o <= 1'b1;  aluop_o <= 8'b01001011;
      |                                 ^~
%Warning-COMBDLY: soc_top/mips/id.v:550:18: Non-blocking assignment '<=' in combinational logic process
                                          : ... This will be executed as a blocking assignment '='!
  550 |         alusel_o <= 3'b110; reg1_read_o <= 1'b1; reg2_read_o <= 1'b0;
      |                  ^~
%Warning-COMBDLY: soc_top/mips/id.v:550:41: Non-blocking assignment '<=' in combinational logic process
                                          : ... This will be executed as a blocking assignment '='!
  550 |         alusel_o <= 3'b110; reg1_read_o <= 1'b1; reg2_read_o <= 1'b0;
      |                                         ^~
%Warning-COMBDLY: soc_top/mips/id.v:550:62: Non-blocking assignment '<=' in combinational logic process
                                          : ... This will be executed as a blocking assignment '='!
  550 |         alusel_o <= 3'b110; reg1_read_o <= 1'b1; reg2_read_o <= 1'b0;
      |                                                              ^~
%Warning-COMBDLY: soc_top/mips/id.v:551:21: Non-blocking assignment '<=' in combinational logic process
                                          : ... This will be executed as a blocking assignment '='!
  551 |         link_addr_o <= pc_plus_8; 
      |                     ^~
%Warning-COMBDLY: soc_top/mips/id.v:552:14: Non-blocking assignment '<=' in combinational logic process
                                          : ... This will be executed as a blocking assignment '='!
  552 |         wd_o <= 5'b11111; instvalid <= 1'b0;
      |              ^~
%Warning-COMBDLY: soc_top/mips/id.v:552:37: Non-blocking assignment '<=' in combinational logic process
                                          : ... This will be executed as a blocking assignment '='!
  552 |         wd_o <= 5'b11111; instvalid <= 1'b0;
      |                                     ^~
%Warning-COMBDLY: soc_top/mips/id.v:554:35: Non-blocking assignment '<=' in combinational logic process
                                          : ... This will be executed as a blocking assignment '='!
  554 |           branch_target_address_o <= pc_plus_4 + imm_sll2_signedext;
      |                                   ^~
%Warning-COMBDLY: soc_top/mips/id.v:555:25: Non-blocking assignment '<=' in combinational logic process
                                          : ... This will be executed as a blocking assignment '='!
  555 |           branch_flag_o <= 1'b1;
      |                         ^~
%Warning-COMBDLY: soc_top/mips/id.v:556:36: Non-blocking assignment '<=' in combinational logic process
                                          : ... This will be executed as a blocking assignment '='!
  556 |           next_inst_in_delayslot_o <= 1'b1;
      |                                    ^~
%Warning-COMBDLY: soc_top/mips/id.v:590:16: Non-blocking assignment '<=' in combinational logic process
                                          : ... This will be executed as a blocking assignment '='!
  590 |         wreg_o <= 1'b0;  aluop_o <= 8'b01001001;
      |                ^~
%Warning-COMBDLY: soc_top/mips/id.v:590:34: Non-blocking assignment '<=' in combinational logic process
                                          : ... This will be executed as a blocking assignment '='!
  590 |         wreg_o <= 1'b0;  aluop_o <= 8'b01001001;
      |                                  ^~
%Warning-COMBDLY: soc_top/mips/id.v:591:18: Non-blocking assignment '<=' in combinational logic process
                                          : ... This will be executed as a blocking assignment '='!
  591 |         alusel_o <= 3'b000; reg1_read_o <= 1'b1; reg2_read_o <= 1'b0;    
      |                  ^~
%Warning-COMBDLY: soc_top/mips/id.v:591:41: Non-blocking assignment '<=' in combinational logic process
                                          : ... This will be executed as a blocking assignment '='!
  591 |         alusel_o <= 3'b000; reg1_read_o <= 1'b1; reg2_read_o <= 1'b0;    
      |                                         ^~
%Warning-COMBDLY: soc_top/mips/id.v:591:62: Non-blocking assignment '<=' in combinational logic process
                                          : ... This will be executed as a blocking assignment '='!
  591 |         alusel_o <= 3'b000; reg1_read_o <= 1'b1; reg2_read_o <= 1'b0;    
      |                                                              ^~
%Warning-COMBDLY: soc_top/mips/id.v:592:12: Non-blocking assignment '<=' in combinational logic process
                                          : ... This will be executed as a blocking assignment '='!
  592 |        imm <= {{16{inst_i[15]}}, inst_i[15:0]};     
      |            ^~
%Warning-COMBDLY: soc_top/mips/id.v:593:18: Non-blocking assignment '<=' in combinational logic process
                                          : ... This will be executed as a blocking assignment '='!
  593 |        instvalid <= 1'b0; 
      |                  ^~
%Warning-COMBDLY: soc_top/mips/id.v:560:16: Non-blocking assignment '<=' in combinational logic process
                                          : ... This will be executed as a blocking assignment '='!
  560 |         wreg_o <= 1'b0;  aluop_o <= 8'b01001000;
      |                ^~
%Warning-COMBDLY: soc_top/mips/id.v:560:34: Non-blocking assignment '<=' in combinational logic process
                                          : ... This will be executed as a blocking assignment '='!
  560 |         wreg_o <= 1'b0;  aluop_o <= 8'b01001000;
      |                                  ^~
%Warning-COMBDLY: soc_top/mips/id.v:561:18: Non-blocking assignment '<=' in combinational logic process
                                          : ... This will be executed as a blocking assignment '='!
  561 |         alusel_o <= 3'b000; reg1_read_o <= 1'b1; reg2_read_o <= 1'b0;    
      |                  ^~
%Warning-COMBDLY: soc_top/mips/id.v:561:41: Non-blocking assignment '<=' in combinational logic process
                                          : ... This will be executed as a blocking assignment '='!
  561 |         alusel_o <= 3'b000; reg1_read_o <= 1'b1; reg2_read_o <= 1'b0;    
      |                                         ^~
%Warning-COMBDLY: soc_top/mips/id.v:561:62: Non-blocking assignment '<=' in combinational logic process
                                          : ... This will be executed as a blocking assignment '='!
  561 |         alusel_o <= 3'b000; reg1_read_o <= 1'b1; reg2_read_o <= 1'b0;    
      |                                                              ^~
%Warning-COMBDLY: soc_top/mips/id.v:562:12: Non-blocking assignment '<=' in combinational logic process
                                          : ... This will be executed as a blocking assignment '='!
  562 |        imm <= {{16{inst_i[15]}}, inst_i[15:0]};     
      |            ^~
%Warning-COMBDLY: soc_top/mips/id.v:563:18: Non-blocking assignment '<=' in combinational logic process
                                          : ... This will be executed as a blocking assignment '='!
  563 |        instvalid <= 1'b0; 
      |                  ^~
%Warning-COMBDLY: soc_top/mips/id.v:584:16: Non-blocking assignment '<=' in combinational logic process
                                          : ... This will be executed as a blocking assignment '='!
  584 |         wreg_o <= 1'b0;  aluop_o <= 8'b01000111;
      |                ^~
%Warning-COMBDLY: soc_top/mips/id.v:584:34: Non-blocking assignment '<=' in combinational logic process
                                          : ... This will be executed as a blocking assignment '='!
  584 |         wreg_o <= 1'b0;  aluop_o <= 8'b01000111;
      |                                  ^~
%Warning-COMBDLY: soc_top/mips/id.v:585:18: Non-blocking assignment '<=' in combinational logic process
                                          : ... This will be executed as a blocking assignment '='!
  585 |         alusel_o <= 3'b000; reg1_read_o <= 1'b1; reg2_read_o <= 1'b0;    
      |                  ^~
%Warning-COMBDLY: soc_top/mips/id.v:585:41: Non-blocking assignment '<=' in combinational logic process
                                          : ... This will be executed as a blocking assignment '='!
  585 |         alusel_o <= 3'b000; reg1_read_o <= 1'b1; reg2_read_o <= 1'b0;    
      |                                         ^~
%Warning-COMBDLY: soc_top/mips/id.v:585:62: Non-blocking assignment '<=' in combinational logic process
                                          : ... This will be executed as a blocking assignment '='!
  585 |         alusel_o <= 3'b000; reg1_read_o <= 1'b1; reg2_read_o <= 1'b0;    
      |                                                              ^~
%Warning-COMBDLY: soc_top/mips/id.v:586:12: Non-blocking assignment '<=' in combinational logic process
                                          : ... This will be executed as a blocking assignment '='!
  586 |        imm <= {{16{inst_i[15]}}, inst_i[15:0]};     
      |            ^~
%Warning-COMBDLY: soc_top/mips/id.v:587:18: Non-blocking assignment '<=' in combinational logic process
                                          : ... This will be executed as a blocking assignment '='!
  587 |        instvalid <= 1'b0; 
      |                  ^~
%Warning-COMBDLY: soc_top/mips/id.v:578:16: Non-blocking assignment '<=' in combinational logic process
                                          : ... This will be executed as a blocking assignment '='!
  578 |         wreg_o <= 1'b0;  aluop_o <= 8'b01000110;
      |                ^~
%Warning-COMBDLY: soc_top/mips/id.v:578:34: Non-blocking assignment '<=' in combinational logic process
                                          : ... This will be executed as a blocking assignment '='!
  578 |         wreg_o <= 1'b0;  aluop_o <= 8'b01000110;
      |                                  ^~
%Warning-COMBDLY: soc_top/mips/id.v:579:18: Non-blocking assignment '<=' in combinational logic process
                                          : ... This will be executed as a blocking assignment '='!
  579 |         alusel_o <= 3'b000; reg1_read_o <= 1'b1; reg2_read_o <= 1'b0;    
      |                  ^~
%Warning-COMBDLY: soc_top/mips/id.v:579:41: Non-blocking assignment '<=' in combinational logic process
                                          : ... This will be executed as a blocking assignment '='!
  579 |         alusel_o <= 3'b000; reg1_read_o <= 1'b1; reg2_read_o <= 1'b0;    
      |                                         ^~
%Warning-COMBDLY: soc_top/mips/id.v:579:62: Non-blocking assignment '<=' in combinational logic process
                                          : ... This will be executed as a blocking assignment '='!
  579 |         alusel_o <= 3'b000; reg1_read_o <= 1'b1; reg2_read_o <= 1'b0;    
      |                                                              ^~
%Warning-COMBDLY: soc_top/mips/id.v:580:12: Non-blocking assignment '<=' in combinational logic process
                                          : ... This will be executed as a blocking assignment '='!
  580 |        imm <= {{16{inst_i[15]}}, inst_i[15:0]};     
      |            ^~
%Warning-COMBDLY: soc_top/mips/id.v:581:18: Non-blocking assignment '<=' in combinational logic process
                                          : ... This will be executed as a blocking assignment '='!
  581 |        instvalid <= 1'b0; 
      |                  ^~
%Warning-COMBDLY: soc_top/mips/id.v:572:16: Non-blocking assignment '<=' in combinational logic process
                                          : ... This will be executed as a blocking assignment '='!
  572 |         wreg_o <= 1'b0;  aluop_o <= 8'b01000101;
      |                ^~
%Warning-COMBDLY: soc_top/mips/id.v:572:34: Non-blocking assignment '<=' in combinational logic process
                                          : ... This will be executed as a blocking assignment '='!
  572 |         wreg_o <= 1'b0;  aluop_o <= 8'b01000101;
      |                                  ^~
%Warning-COMBDLY: soc_top/mips/id.v:573:18: Non-blocking assignment '<=' in combinational logic process
                                          : ... This will be executed as a blocking assignment '='!
  573 |         alusel_o <= 3'b000; reg1_read_o <= 1'b1; reg2_read_o <= 1'b0;    
      |                  ^~
%Warning-COMBDLY: soc_top/mips/id.v:573:41: Non-blocking assignment '<=' in combinational logic process
                                          : ... This will be executed as a blocking assignment '='!
  573 |         alusel_o <= 3'b000; reg1_read_o <= 1'b1; reg2_read_o <= 1'b0;    
      |                                         ^~
%Warning-COMBDLY: soc_top/mips/id.v:573:62: Non-blocking assignment '<=' in combinational logic process
                                          : ... This will be executed as a blocking assignment '='!
  573 |         alusel_o <= 3'b000; reg1_read_o <= 1'b1; reg2_read_o <= 1'b0;    
      |                                                              ^~
%Warning-COMBDLY: soc_top/mips/id.v:574:12: Non-blocking assignment '<=' in combinational logic process
                                          : ... This will be executed as a blocking assignment '='!
  574 |        imm <= {{16{inst_i[15]}}, inst_i[15:0]};     
      |            ^~
%Warning-COMBDLY: soc_top/mips/id.v:575:18: Non-blocking assignment '<=' in combinational logic process
                                          : ... This will be executed as a blocking assignment '='!
  575 |        instvalid <= 1'b0; 
      |                  ^~
%Warning-COMBDLY: soc_top/mips/id.v:566:16: Non-blocking assignment '<=' in combinational logic process
                                          : ... This will be executed as a blocking assignment '='!
  566 |         wreg_o <= 1'b0;  aluop_o <= 8'b01000100;
      |                ^~
%Warning-COMBDLY: soc_top/mips/id.v:566:34: Non-blocking assignment '<=' in combinational logic process
                                          : ... This will be executed as a blocking assignment '='!
  566 |         wreg_o <= 1'b0;  aluop_o <= 8'b01000100;
      |                                  ^~
%Warning-COMBDLY: soc_top/mips/id.v:567:18: Non-blocking assignment '<=' in combinational logic process
                                          : ... This will be executed as a blocking assignment '='!
  567 |         alusel_o <= 3'b000; reg1_read_o <= 1'b1; reg2_read_o <= 1'b0;    
      |                  ^~
%Warning-COMBDLY: soc_top/mips/id.v:567:41: Non-blocking assignment '<=' in combinational logic process
                                          : ... This will be executed as a blocking assignment '='!
  567 |         alusel_o <= 3'b000; reg1_read_o <= 1'b1; reg2_read_o <= 1'b0;    
      |                                         ^~
%Warning-COMBDLY: soc_top/mips/id.v:567:62: Non-blocking assignment '<=' in combinational logic process
                                          : ... This will be executed as a blocking assignment '='!
  567 |         alusel_o <= 3'b000; reg1_read_o <= 1'b1; reg2_read_o <= 1'b0;    
      |                                                              ^~
%Warning-COMBDLY: soc_top/mips/id.v:568:12: Non-blocking assignment '<=' in combinational logic process
                                          : ... This will be executed as a blocking assignment '='!
  568 |        imm <= {{16{inst_i[15]}}, inst_i[15:0]};     
      |            ^~
%Warning-COMBDLY: soc_top/mips/id.v:569:18: Non-blocking assignment '<=' in combinational logic process
                                          : ... This will be executed as a blocking assignment '='!
  569 |        instvalid <= 1'b0; 
      |                  ^~
%Warning-COMBDLY: soc_top/mips/id.v:518:15: Non-blocking assignment '<=' in combinational logic process
                                          : ... This will be executed as a blocking assignment '='!
  518 |        wreg_o <= 1'b0;  aluop_o <= 8'b01000001;
      |               ^~
%Warning-COMBDLY: soc_top/mips/id.v:518:33: Non-blocking assignment '<=' in combinational logic process
                                          : ... This will be executed as a blocking assignment '='!
  518 |        wreg_o <= 1'b0;  aluop_o <= 8'b01000001;
      |                                 ^~
%Warning-COMBDLY: soc_top/mips/id.v:519:18: Non-blocking assignment '<=' in combinational logic process
                                          : ... This will be executed as a blocking assignment '='!
  519 |         alusel_o <= 3'b110; reg1_read_o <= 1'b1; reg2_read_o <= 1'b0;
      |                  ^~
%Warning-COMBDLY: soc_top/mips/id.v:519:41: Non-blocking assignment '<=' in combinational logic process
                                          : ... This will be executed as a blocking assignment '='!
  519 |         alusel_o <= 3'b110; reg1_read_o <= 1'b1; reg2_read_o <= 1'b0;
      |                                         ^~
%Warning-COMBDLY: soc_top/mips/id.v:519:62: Non-blocking assignment '<=' in combinational logic process
                                          : ... This will be executed as a blocking assignment '='!
  519 |         alusel_o <= 3'b110; reg1_read_o <= 1'b1; reg2_read_o <= 1'b0;
      |                                                              ^~
%Warning-COMBDLY: soc_top/mips/id.v:520:19: Non-blocking assignment '<=' in combinational logic process
                                          : ... This will be executed as a blocking assignment '='!
  520 |         instvalid <= 1'b0; 
      |                   ^~
%Warning-COMBDLY: soc_top/mips/id.v:522:35: Non-blocking assignment '<=' in combinational logic process
                                          : ... This will be executed as a blocking assignment '='!
  522 |           branch_target_address_o <= pc_plus_4 + imm_sll2_signedext;
      |                                   ^~
%Warning-COMBDLY: soc_top/mips/id.v:523:25: Non-blocking assignment '<=' in combinational logic process
                                          : ... This will be executed as a blocking assignment '='!
  523 |           branch_flag_o <= 1'b1;
      |                         ^~
%Warning-COMBDLY: soc_top/mips/id.v:524:36: Non-blocking assignment '<=' in combinational logic process
                                          : ... This will be executed as a blocking assignment '='!
  524 |           next_inst_in_delayslot_o <= 1'b1;     
      |                                    ^~
%Warning-COMBDLY: soc_top/mips/id.v:539:16: Non-blocking assignment '<=' in combinational logic process
                                          : ... This will be executed as a blocking assignment '='!
  539 |         wreg_o <= 1'b0;  aluop_o <= 8'b01001011;
      |                ^~
%Warning-COMBDLY: soc_top/mips/id.v:539:34: Non-blocking assignment '<=' in combinational logic process
                                          : ... This will be executed as a blocking assignment '='!
  539 |         wreg_o <= 1'b0;  aluop_o <= 8'b01001011;
      |                                  ^~
%Warning-COMBDLY: soc_top/mips/id.v:540:18: Non-blocking assignment '<=' in combinational logic process
                                          : ... This will be executed as a blocking assignment '='!
  540 |         alusel_o <= 3'b110; reg1_read_o <= 1'b1; reg2_read_o <= 1'b0;
      |                  ^~
%Warning-COMBDLY: soc_top/mips/id.v:540:41: Non-blocking assignment '<=' in combinational logic process
                                          : ... This will be executed as a blocking assignment '='!
  540 |         alusel_o <= 3'b110; reg1_read_o <= 1'b1; reg2_read_o <= 1'b0;
      |                                         ^~
%Warning-COMBDLY: soc_top/mips/id.v:540:62: Non-blocking assignment '<=' in combinational logic process
                                          : ... This will be executed as a blocking assignment '='!
  540 |         alusel_o <= 3'b110; reg1_read_o <= 1'b1; reg2_read_o <= 1'b0;
      |                                                              ^~
%Warning-COMBDLY: soc_top/mips/id.v:541:19: Non-blocking assignment '<=' in combinational logic process
                                          : ... This will be executed as a blocking assignment '='!
  541 |         instvalid <= 1'b0; 
      |                   ^~
%Warning-COMBDLY: soc_top/mips/id.v:543:35: Non-blocking assignment '<=' in combinational logic process
                                          : ... This will be executed as a blocking assignment '='!
  543 |           branch_target_address_o <= pc_plus_4 + imm_sll2_signedext;
      |                                   ^~
%Warning-COMBDLY: soc_top/mips/id.v:544:25: Non-blocking assignment '<=' in combinational logic process
                                          : ... This will be executed as a blocking assignment '='!
  544 |           branch_flag_o <= 1'b1;
      |                         ^~
%Warning-COMBDLY: soc_top/mips/id.v:545:36: Non-blocking assignment '<=' in combinational logic process
                                          : ... This will be executed as a blocking assignment '='!
  545 |           next_inst_in_delayslot_o <= 1'b1;     
      |                                    ^~
%Warning-COMBDLY: soc_top/mips/id.v:217:17: Non-blocking assignment '<=' in combinational logic process
                                          : ... This will be executed as a blocking assignment '='!
  217 |          wreg_o <= 1'b1;  aluop_o <= 8'b00101011;
      |                 ^~
%Warning-COMBDLY: soc_top/mips/id.v:217:35: Non-blocking assignment '<=' in combinational logic process
                                          : ... This will be executed as a blocking assignment '='!
  217 |          wreg_o <= 1'b1;  aluop_o <= 8'b00101011;
      |                                   ^~
%Warning-COMBDLY: soc_top/mips/id.v:218:20: Non-blocking assignment '<=' in combinational logic process
                                          : ... This will be executed as a blocking assignment '='!
  218 |           alusel_o <= 3'b100;  reg1_read_o <= 1'b1; reg2_read_o <= 1'b1;
      |                    ^~
%Warning-COMBDLY: soc_top/mips/id.v:218:44: Non-blocking assignment '<=' in combinational logic process
                                          : ... This will be executed as a blocking assignment '='!
  218 |           alusel_o <= 3'b100;  reg1_read_o <= 1'b1; reg2_read_o <= 1'b1;
      |                                            ^~
%Warning-COMBDLY: soc_top/mips/id.v:218:65: Non-blocking assignment '<=' in combinational logic process
                                          : ... This will be executed as a blocking assignment '='!
  218 |           alusel_o <= 3'b100;  reg1_read_o <= 1'b1; reg2_read_o <= 1'b1;
      |                                                                 ^~
%Warning-COMBDLY: soc_top/mips/id.v:219:21: Non-blocking assignment '<=' in combinational logic process
                                          : ... This will be executed as a blocking assignment '='!
  219 |           instvalid <= 1'b0; 
      |                     ^~
%Warning-COMBDLY: soc_top/mips/id.v:212:17: Non-blocking assignment '<=' in combinational logic process
                                          : ... This will be executed as a blocking assignment '='!
  212 |          wreg_o <= 1'b1;  aluop_o <= 8'b00101010;
      |                 ^~
%Warning-COMBDLY: soc_top/mips/id.v:212:35: Non-blocking assignment '<=' in combinational logic process
                                          : ... This will be executed as a blocking assignment '='!
  212 |          wreg_o <= 1'b1;  aluop_o <= 8'b00101010;
      |                                   ^~
%Warning-COMBDLY: soc_top/mips/id.v:213:20: Non-blocking assignment '<=' in combinational logic process
                                          : ... This will be executed as a blocking assignment '='!
  213 |           alusel_o <= 3'b100;  reg1_read_o <= 1'b1; reg2_read_o <= 1'b1;
      |                    ^~
%Warning-COMBDLY: soc_top/mips/id.v:213:44: Non-blocking assignment '<=' in combinational logic process
                                          : ... This will be executed as a blocking assignment '='!
  213 |           alusel_o <= 3'b100;  reg1_read_o <= 1'b1; reg2_read_o <= 1'b1;
      |                                            ^~
%Warning-COMBDLY: soc_top/mips/id.v:213:65: Non-blocking assignment '<=' in combinational logic process
                                          : ... This will be executed as a blocking assignment '='!
  213 |           alusel_o <= 3'b100;  reg1_read_o <= 1'b1; reg2_read_o <= 1'b1;
      |                                                                 ^~
%Warning-COMBDLY: soc_top/mips/id.v:214:21: Non-blocking assignment '<=' in combinational logic process
                                          : ... This will be executed as a blocking assignment '='!
  214 |           instvalid <= 1'b0; 
      |                     ^~
%Warning-COMBDLY: soc_top/mips/id.v:154:19: Non-blocking assignment '<=' in combinational logic process
                                          : ... This will be executed as a blocking assignment '='!
  154 |            wreg_o <= 1'b1;  aluop_o <= 8'b00100111;
      |                   ^~
%Warning-COMBDLY: soc_top/mips/id.v:154:37: Non-blocking assignment '<=' in combinational logic process
                                          : ... This will be executed as a blocking assignment '='!
  154 |            wreg_o <= 1'b1;  aluop_o <= 8'b00100111;
      |                                     ^~
%Warning-COMBDLY: soc_top/mips/id.v:155:20: Non-blocking assignment '<=' in combinational logic process
                                          : ... This will be executed as a blocking assignment '='!
  155 |           alusel_o <= 3'b001;  reg1_read_o <= 1'b1; reg2_read_o <= 1'b1; 
      |                    ^~
%Warning-COMBDLY: soc_top/mips/id.v:155:44: Non-blocking assignment '<=' in combinational logic process
                                          : ... This will be executed as a blocking assignment '='!
  155 |           alusel_o <= 3'b001;  reg1_read_o <= 1'b1; reg2_read_o <= 1'b1; 
      |                                            ^~
%Warning-COMBDLY: soc_top/mips/id.v:155:65: Non-blocking assignment '<=' in combinational logic process
                                          : ... This will be executed as a blocking assignment '='!
  155 |           alusel_o <= 3'b001;  reg1_read_o <= 1'b1; reg2_read_o <= 1'b1; 
      |                                                                 ^~
%Warning-COMBDLY: soc_top/mips/id.v:156:21: Non-blocking assignment '<=' in combinational logic process
                                          : ... This will be executed as a blocking assignment '='!
  156 |           instvalid <= 1'b0; 
      |                     ^~
%Warning-COMBDLY: soc_top/mips/id.v:149:19: Non-blocking assignment '<=' in combinational logic process
                                          : ... This will be executed as a blocking assignment '='!
  149 |            wreg_o <= 1'b1;  aluop_o <= 8'b00100110;
      |                   ^~
%Warning-COMBDLY: soc_top/mips/id.v:149:37: Non-blocking assignment '<=' in combinational logic process
                                          : ... This will be executed as a blocking assignment '='!
  149 |            wreg_o <= 1'b1;  aluop_o <= 8'b00100110;
      |                                     ^~
%Warning-COMBDLY: soc_top/mips/id.v:150:20: Non-blocking assignment '<=' in combinational logic process
                                          : ... This will be executed as a blocking assignment '='!
  150 |           alusel_o <= 3'b001;  reg1_read_o <= 1'b1; reg2_read_o <= 1'b1; 
      |                    ^~
%Warning-COMBDLY: soc_top/mips/id.v:150:44: Non-blocking assignment '<=' in combinational logic process
                                          : ... This will be executed as a blocking assignment '='!
  150 |           alusel_o <= 3'b001;  reg1_read_o <= 1'b1; reg2_read_o <= 1'b1; 
      |                                            ^~
%Warning-COMBDLY: soc_top/mips/id.v:150:65: Non-blocking assignment '<=' in combinational logic process
                                          : ... This will be executed as a blocking assignment '='!
  150 |           alusel_o <= 3'b001;  reg1_read_o <= 1'b1; reg2_read_o <= 1'b1; 
      |                                                                 ^~
%Warning-COMBDLY: soc_top/mips/id.v:151:21: Non-blocking assignment '<=' in combinational logic process
                                          : ... This will be executed as a blocking assignment '='!
  151 |           instvalid <= 1'b0; 
      |                     ^~
%Warning-COMBDLY: soc_top/mips/id.v:139:19: Non-blocking assignment '<=' in combinational logic process
                                          : ... This will be executed as a blocking assignment '='!
  139 |            wreg_o <= 1'b1;  aluop_o <= 8'b00100101;
      |                   ^~
%Warning-COMBDLY: soc_top/mips/id.v:139:37: Non-blocking assignment '<=' in combinational logic process
                                          : ... This will be executed as a blocking assignment '='!
  139 |            wreg_o <= 1'b1;  aluop_o <= 8'b00100101;
      |                                     ^~
%Warning-COMBDLY: soc_top/mips/id.v:140:20: Non-blocking assignment '<=' in combinational logic process
                                          : ... This will be executed as a blocking assignment '='!
  140 |           alusel_o <= 3'b001;  reg1_read_o <= 1'b1; reg2_read_o <= 1'b1;
      |                    ^~
%Warning-COMBDLY: soc_top/mips/id.v:140:44: Non-blocking assignment '<=' in combinational logic process
                                          : ... This will be executed as a blocking assignment '='!
  140 |           alusel_o <= 3'b001;  reg1_read_o <= 1'b1; reg2_read_o <= 1'b1;
      |                                            ^~
%Warning-COMBDLY: soc_top/mips/id.v:140:65: Non-blocking assignment '<=' in combinational logic process
                                          : ... This will be executed as a blocking assignment '='!
  140 |           alusel_o <= 3'b001;  reg1_read_o <= 1'b1; reg2_read_o <= 1'b1;
      |                                                                 ^~
%Warning-COMBDLY: soc_top/mips/id.v:141:21: Non-blocking assignment '<=' in combinational logic process
                                          : ... This will be executed as a blocking assignment '='!
  141 |           instvalid <= 1'b0; 
      |                     ^~
%Warning-COMBDLY: soc_top/mips/id.v:144:19: Non-blocking assignment '<=' in combinational logic process
                                          : ... This will be executed as a blocking assignment '='!
  144 |            wreg_o <= 1'b1;  aluop_o <= 8'b00100100;
      |                   ^~
%Warning-COMBDLY: soc_top/mips/id.v:144:37: Non-blocking assignment '<=' in combinational logic process
                                          : ... This will be executed as a blocking assignment '='!
  144 |            wreg_o <= 1'b1;  aluop_o <= 8'b00100100;
      |                                     ^~
%Warning-COMBDLY: soc_top/mips/id.v:145:20: Non-blocking assignment '<=' in combinational logic process
                                          : ... This will be executed as a blocking assignment '='!
  145 |           alusel_o <= 3'b001;   reg1_read_o <= 1'b1; reg2_read_o <= 1'b1; 
      |                    ^~
%Warning-COMBDLY: soc_top/mips/id.v:145:45: Non-blocking assignment '<=' in combinational logic process
                                          : ... This will be executed as a blocking assignment '='!
  145 |           alusel_o <= 3'b001;   reg1_read_o <= 1'b1; reg2_read_o <= 1'b1; 
      |                                             ^~
%Warning-COMBDLY: soc_top/mips/id.v:145:66: Non-blocking assignment '<=' in combinational logic process
                                          : ... This will be executed as a blocking assignment '='!
  145 |           alusel_o <= 3'b001;   reg1_read_o <= 1'b1; reg2_read_o <= 1'b1; 
      |                                                                  ^~
%Warning-COMBDLY: soc_top/mips/id.v:146:21: Non-blocking assignment '<=' in combinational logic process
                                          : ... This will be executed as a blocking assignment '='!
  146 |           instvalid <= 1'b0; 
      |                     ^~
%Warning-COMBDLY: soc_top/mips/id.v:242:17: Non-blocking assignment '<=' in combinational logic process
                                          : ... This will be executed as a blocking assignment '='!
  242 |          wreg_o <= 1'b1;  aluop_o <= 8'b00100011;
      |                 ^~
%Warning-COMBDLY: soc_top/mips/id.v:242:35: Non-blocking assignment '<=' in combinational logic process
                                          : ... This will be executed as a blocking assignment '='!
  242 |          wreg_o <= 1'b1;  aluop_o <= 8'b00100011;
      |                                   ^~
%Warning-COMBDLY: soc_top/mips/id.v:243:20: Non-blocking assignment '<=' in combinational logic process
                                          : ... This will be executed as a blocking assignment '='!
  243 |           alusel_o <= 3'b100;  reg1_read_o <= 1'b1; reg2_read_o <= 1'b1;
      |                    ^~
%Warning-COMBDLY: soc_top/mips/id.v:243:44: Non-blocking assignment '<=' in combinational logic process
                                          : ... This will be executed as a blocking assignment '='!
  243 |           alusel_o <= 3'b100;  reg1_read_o <= 1'b1; reg2_read_o <= 1'b1;
      |                                            ^~
%Warning-COMBDLY: soc_top/mips/id.v:243:65: Non-blocking assignment '<=' in combinational logic process
                                          : ... This will be executed as a blocking assignment '='!
  243 |           alusel_o <= 3'b100;  reg1_read_o <= 1'b1; reg2_read_o <= 1'b1;
      |                                                                 ^~
%Warning-COMBDLY: soc_top/mips/id.v:244:21: Non-blocking assignment '<=' in combinational logic process
                                          : ... This will be executed as a blocking assignment '='!
  244 |           instvalid <= 1'b0; 
      |                     ^~
%Warning-COMBDLY: soc_top/mips/id.v:237:17: Non-blocking assignment '<=' in combinational logic process
                                          : ... This will be executed as a blocking assignment '='!
  237 |          wreg_o <= 1'b1;  aluop_o <= 8'b00100010;
      |                 ^~
%Warning-COMBDLY: soc_top/mips/id.v:237:35: Non-blocking assignment '<=' in combinational logic process
                                          : ... This will be executed as a blocking assignment '='!
  237 |          wreg_o <= 1'b1;  aluop_o <= 8'b00100010;
      |                                   ^~
%Warning-COMBDLY: soc_top/mips/id.v:238:20: Non-blocking assignment '<=' in combinational logic process
                                          : ... This will be executed as a blocking assignment '='!
  238 |           alusel_o <= 3'b100;  reg1_read_o <= 1'b1; reg2_read_o <= 1'b1;
      |                    ^~
%Warning-COMBDLY: soc_top/mips/id.v:238:44: Non-blocking assignment '<=' in combinational logic process
                                          : ... This will be executed as a blocking assignment '='!
  238 |           alusel_o <= 3'b100;  reg1_read_o <= 1'b1; reg2_read_o <= 1'b1;
      |                                            ^~
%Warning-COMBDLY: soc_top/mips/id.v:238:65: Non-blocking assignment '<=' in combinational logic process
                                          : ... This will be executed as a blocking assignment '='!
  238 |           alusel_o <= 3'b100;  reg1_read_o <= 1'b1; reg2_read_o <= 1'b1;
      |                                                                 ^~
%Warning-COMBDLY: soc_top/mips/id.v:239:21: Non-blocking assignment '<=' in combinational logic process
                                          : ... This will be executed as a blocking assignment '='!
  239 |           instvalid <= 1'b0; 
      |                     ^~
%Warning-COMBDLY: soc_top/mips/id.v:232:17: Non-blocking assignment '<=' in combinational logic process
                                          : ... This will be executed as a blocking assignment '='!
  232 |          wreg_o <= 1'b1;  aluop_o <= 8'b00100001;
      |                 ^~
%Warning-COMBDLY: soc_top/mips/id.v:232:35: Non-blocking assignment '<=' in combinational logic process
                                          : ... This will be executed as a blocking assignment '='!
  232 |          wreg_o <= 1'b1;  aluop_o <= 8'b00100001;
      |                                   ^~
%Warning-COMBDLY: soc_top/mips/id.v:233:20: Non-blocking assignment '<=' in combinational logic process
                                          : ... This will be executed as a blocking assignment '='!
  233 |           alusel_o <= 3'b100;  reg1_read_o <= 1'b1; reg2_read_o <= 1'b1;
      |                    ^~
%Warning-COMBDLY: soc_top/mips/id.v:233:44: Non-blocking assignment '<=' in combinational logic process
                                          : ... This will be executed as a blocking assignment '='!
  233 |           alusel_o <= 3'b100;  reg1_read_o <= 1'b1; reg2_read_o <= 1'b1;
      |                                            ^~
%Warning-COMBDLY: soc_top/mips/id.v:233:65: Non-blocking assignment '<=' in combinational logic process
                                          : ... This will be executed as a blocking assignment '='!
  233 |           alusel_o <= 3'b100;  reg1_read_o <= 1'b1; reg2_read_o <= 1'b1;
      |                                                                 ^~
%Warning-COMBDLY: soc_top/mips/id.v:234:21: Non-blocking assignment '<=' in combinational logic process
                                          : ... This will be executed as a blocking assignment '='!
  234 |           instvalid <= 1'b0; 
      |                     ^~
%Warning-COMBDLY: soc_top/mips/id.v:227:17: Non-blocking assignment '<=' in combinational logic process
                                          : ... This will be executed as a blocking assignment '='!
  227 |          wreg_o <= 1'b1;  aluop_o <= 8'b00100000;
      |                 ^~
%Warning-COMBDLY: soc_top/mips/id.v:227:35: Non-blocking assignment '<=' in combinational logic process
                                          : ... This will be executed as a blocking assignment '='!
  227 |          wreg_o <= 1'b1;  aluop_o <= 8'b00100000;
      |                                   ^~
%Warning-COMBDLY: soc_top/mips/id.v:228:20: Non-blocking assignment '<=' in combinational logic process
                                          : ... This will be executed as a blocking assignment '='!
  228 |           alusel_o <= 3'b100;  reg1_read_o <= 1'b1; reg2_read_o <= 1'b1;
      |                    ^~
%Warning-COMBDLY: soc_top/mips/id.v:228:44: Non-blocking assignment '<=' in combinational logic process
                                          : ... This will be executed as a blocking assignment '='!
  228 |           alusel_o <= 3'b100;  reg1_read_o <= 1'b1; reg2_read_o <= 1'b1;
      |                                            ^~
%Warning-COMBDLY: soc_top/mips/id.v:228:65: Non-blocking assignment '<=' in combinational logic process
                                          : ... This will be executed as a blocking assignment '='!
  228 |           alusel_o <= 3'b100;  reg1_read_o <= 1'b1; reg2_read_o <= 1'b1;
      |                                                                 ^~
%Warning-COMBDLY: soc_top/mips/id.v:229:21: Non-blocking assignment '<=' in combinational logic process
                                          : ... This will be executed as a blocking assignment '='!
  229 |           instvalid <= 1'b0; 
      |                     ^~
%Warning-COMBDLY: soc_top/mips/id.v:259:17: Non-blocking assignment '<=' in combinational logic process
                                          : ... This will be executed as a blocking assignment '='!
  259 |          wreg_o <= 1'b0;  aluop_o <= 8'b00011011;
      |                 ^~
%Warning-COMBDLY: soc_top/mips/id.v:259:35: Non-blocking assignment '<=' in combinational logic process
                                          : ... This will be executed as a blocking assignment '='!
  259 |          wreg_o <= 1'b0;  aluop_o <= 8'b00011011;
      |                                   ^~
%Warning-COMBDLY: soc_top/mips/id.v:260:23: Non-blocking assignment '<=' in combinational logic process
                                          : ... This will be executed as a blocking assignment '='!
  260 |           reg1_read_o <= 1'b1; reg2_read_o <= 1'b1; instvalid <= 1'b0; 
      |                       ^~
%Warning-COMBDLY: soc_top/mips/id.v:260:44: Non-blocking assignment '<=' in combinational logic process
                                          : ... This will be executed as a blocking assignment '='!
  260 |           reg1_read_o <= 1'b1; reg2_read_o <= 1'b1; instvalid <= 1'b0; 
      |                                            ^~
%Warning-COMBDLY: soc_top/mips/id.v:260:63: Non-blocking assignment '<=' in combinational logic process
                                          : ... This will be executed as a blocking assignment '='!
  260 |           reg1_read_o <= 1'b1; reg2_read_o <= 1'b1; instvalid <= 1'b0; 
      |                                                               ^~
%Warning-COMBDLY: soc_top/mips/id.v:255:17: Non-blocking assignment '<=' in combinational logic process
                                          : ... This will be executed as a blocking assignment '='!
  255 |          wreg_o <= 1'b0;  aluop_o <= 8'b00011010;
      |                 ^~
%Warning-COMBDLY: soc_top/mips/id.v:255:35: Non-blocking assignment '<=' in combinational logic process
                                          : ... This will be executed as a blocking assignment '='!
  255 |          wreg_o <= 1'b0;  aluop_o <= 8'b00011010;
      |                                   ^~
%Warning-COMBDLY: soc_top/mips/id.v:256:23: Non-blocking assignment '<=' in combinational logic process
                                          : ... This will be executed as a blocking assignment '='!
  256 |           reg1_read_o <= 1'b1; reg2_read_o <= 1'b1; instvalid <= 1'b0; 
      |                       ^~
%Warning-COMBDLY: soc_top/mips/id.v:256:44: Non-blocking assignment '<=' in combinational logic process
                                          : ... This will be executed as a blocking assignment '='!
  256 |           reg1_read_o <= 1'b1; reg2_read_o <= 1'b1; instvalid <= 1'b0; 
      |                                            ^~
%Warning-COMBDLY: soc_top/mips/id.v:256:63: Non-blocking assignment '<=' in combinational logic process
                                          : ... This will be executed as a blocking assignment '='!
  256 |           reg1_read_o <= 1'b1; reg2_read_o <= 1'b1; instvalid <= 1'b0; 
      |                                                               ^~
%Warning-COMBDLY: soc_top/mips/id.v:251:17: Non-blocking assignment '<=' in combinational logic process
                                          : ... This will be executed as a blocking assignment '='!
  251 |          wreg_o <= 1'b0;  aluop_o <= 8'b00011001;
      |                 ^~
%Warning-COMBDLY: soc_top/mips/id.v:251:35: Non-blocking assignment '<=' in combinational logic process
                                          : ... This will be executed as a blocking assignment '='!
  251 |          wreg_o <= 1'b0;  aluop_o <= 8'b00011001;
      |                                   ^~
%Warning-COMBDLY: soc_top/mips/id.v:252:23: Non-blocking assignment '<=' in combinational logic process
                                          : ... This will be executed as a blocking assignment '='!
  252 |           reg1_read_o <= 1'b1; reg2_read_o <= 1'b1; instvalid <= 1'b0; 
      |                       ^~
%Warning-COMBDLY: soc_top/mips/id.v:252:44: Non-blocking assignment '<=' in combinational logic process
                                          : ... This will be executed as a blocking assignment '='!
  252 |           reg1_read_o <= 1'b1; reg2_read_o <= 1'b1; instvalid <= 1'b0; 
      |                                            ^~
%Warning-COMBDLY: soc_top/mips/id.v:252:63: Non-blocking assignment '<=' in combinational logic process
                                          : ... This will be executed as a blocking assignment '='!
  252 |           reg1_read_o <= 1'b1; reg2_read_o <= 1'b1; instvalid <= 1'b0; 
      |                                                               ^~
%Warning-COMBDLY: soc_top/mips/id.v:247:17: Non-blocking assignment '<=' in combinational logic process
                                          : ... This will be executed as a blocking assignment '='!
  247 |          wreg_o <= 1'b0;  aluop_o <= 8'b00011000;
      |                 ^~
%Warning-COMBDLY: soc_top/mips/id.v:247:35: Non-blocking assignment '<=' in combinational logic process
                                          : ... This will be executed as a blocking assignment '='!
  247 |          wreg_o <= 1'b0;  aluop_o <= 8'b00011000;
      |                                   ^~
%Warning-COMBDLY: soc_top/mips/id.v:248:23: Non-blocking assignment '<=' in combinational logic process
                                          : ... This will be executed as a blocking assignment '='!
  248 |           reg1_read_o <= 1'b1; reg2_read_o <= 1'b1; instvalid <= 1'b0; 
      |                       ^~
%Warning-COMBDLY: soc_top/mips/id.v:248:44: Non-blocking assignment '<=' in combinational logic process
                                          : ... This will be executed as a blocking assignment '='!
  248 |           reg1_read_o <= 1'b1; reg2_read_o <= 1'b1; instvalid <= 1'b0; 
      |                                            ^~
%Warning-COMBDLY: soc_top/mips/id.v:248:63: Non-blocking assignment '<=' in combinational logic process
                                          : ... This will be executed as a blocking assignment '='!
  248 |           reg1_read_o <= 1'b1; reg2_read_o <= 1'b1; instvalid <= 1'b0; 
      |                                                               ^~
%Warning-COMBDLY: soc_top/mips/id.v:188:17: Non-blocking assignment '<=' in combinational logic process
                                          : ... This will be executed as a blocking assignment '='!
  188 |          wreg_o <= 1'b0;  aluop_o <= 8'b00010011;
      |                 ^~
%Warning-COMBDLY: soc_top/mips/id.v:188:35: Non-blocking assignment '<=' in combinational logic process
                                          : ... This will be executed as a blocking assignment '='!
  188 |          wreg_o <= 1'b0;  aluop_o <= 8'b00010011;
      |                                   ^~
%Warning-COMBDLY: soc_top/mips/id.v:189:23: Non-blocking assignment '<=' in combinational logic process
                                          : ... This will be executed as a blocking assignment '='!
  189 |           reg1_read_o <= 1'b1; reg2_read_o <= 1'b0; instvalid <= 1'b0; 
      |                       ^~
%Warning-COMBDLY: soc_top/mips/id.v:189:44: Non-blocking assignment '<=' in combinational logic process
                                          : ... This will be executed as a blocking assignment '='!
  189 |           reg1_read_o <= 1'b1; reg2_read_o <= 1'b0; instvalid <= 1'b0; 
      |                                            ^~
%Warning-COMBDLY: soc_top/mips/id.v:189:63: Non-blocking assignment '<=' in combinational logic process
                                          : ... This will be executed as a blocking assignment '='!
  189 |           reg1_read_o <= 1'b1; reg2_read_o <= 1'b0; instvalid <= 1'b0; 
      |                                                               ^~
%Warning-COMBDLY: soc_top/mips/id.v:179:17: Non-blocking assignment '<=' in combinational logic process
                                          : ... This will be executed as a blocking assignment '='!
  179 |          wreg_o <= 1'b1;  aluop_o <= 8'b00010010;
      |                 ^~
%Warning-COMBDLY: soc_top/mips/id.v:179:35: Non-blocking assignment '<=' in combinational logic process
                                          : ... This will be executed as a blocking assignment '='!
  179 |          wreg_o <= 1'b1;  aluop_o <= 8'b00010010;
      |                                   ^~
%Warning-COMBDLY: soc_top/mips/id.v:180:20: Non-blocking assignment '<=' in combinational logic process
                                          : ... This will be executed as a blocking assignment '='!
  180 |           alusel_o <= 3'b011;   reg1_read_o <= 1'b0; reg2_read_o <= 1'b0;
      |                    ^~
%Warning-COMBDLY: soc_top/mips/id.v:180:45: Non-blocking assignment '<=' in combinational logic process
                                          : ... This will be executed as a blocking assignment '='!
  180 |           alusel_o <= 3'b011;   reg1_read_o <= 1'b0; reg2_read_o <= 1'b0;
      |                                             ^~
%Warning-COMBDLY: soc_top/mips/id.v:180:66: Non-blocking assignment '<=' in combinational logic process
                                          : ... This will be executed as a blocking assignment '='!
  180 |           alusel_o <= 3'b011;   reg1_read_o <= 1'b0; reg2_read_o <= 1'b0;
      |                                                                  ^~
%Warning-COMBDLY: soc_top/mips/id.v:181:21: Non-blocking assignment '<=' in combinational logic process
                                          : ... This will be executed as a blocking assignment '='!
  181 |           instvalid <= 1'b0; 
      |                     ^~
%Warning-COMBDLY: soc_top/mips/id.v:184:17: Non-blocking assignment '<=' in combinational logic process
                                          : ... This will be executed as a blocking assignment '='!
  184 |          wreg_o <= 1'b0;  aluop_o <= 8'b00010001;
      |                 ^~
%Warning-COMBDLY: soc_top/mips/id.v:184:35: Non-blocking assignment '<=' in combinational logic process
                                          : ... This will be executed as a blocking assignment '='!
  184 |          wreg_o <= 1'b0;  aluop_o <= 8'b00010001;
      |                                   ^~
%Warning-COMBDLY: soc_top/mips/id.v:185:23: Non-blocking assignment '<=' in combinational logic process
                                          : ... This will be executed as a blocking assignment '='!
  185 |           reg1_read_o <= 1'b1; reg2_read_o <= 1'b0; instvalid <= 1'b0; 
      |                       ^~
%Warning-COMBDLY: soc_top/mips/id.v:185:44: Non-blocking assignment '<=' in combinational logic process
                                          : ... This will be executed as a blocking assignment '='!
  185 |           reg1_read_o <= 1'b1; reg2_read_o <= 1'b0; instvalid <= 1'b0; 
      |                                            ^~
%Warning-COMBDLY: soc_top/mips/id.v:185:63: Non-blocking assignment '<=' in combinational logic process
                                          : ... This will be executed as a blocking assignment '='!
  185 |           reg1_read_o <= 1'b1; reg2_read_o <= 1'b0; instvalid <= 1'b0; 
      |                                                               ^~
%Warning-COMBDLY: soc_top/mips/id.v:174:17: Non-blocking assignment '<=' in combinational logic process
                                          : ... This will be executed as a blocking assignment '='!
  174 |          wreg_o <= 1'b1;  aluop_o <= 8'b00010000;
      |                 ^~
%Warning-COMBDLY: soc_top/mips/id.v:174:35: Non-blocking assignment '<=' in combinational logic process
                                          : ... This will be executed as a blocking assignment '='!
  174 |          wreg_o <= 1'b1;  aluop_o <= 8'b00010000;
      |                                   ^~
%Warning-COMBDLY: soc_top/mips/id.v:175:20: Non-blocking assignment '<=' in combinational logic process
                                          : ... This will be executed as a blocking assignment '='!
  175 |           alusel_o <= 3'b011;   reg1_read_o <= 1'b0; reg2_read_o <= 1'b0;
      |                    ^~
%Warning-COMBDLY: soc_top/mips/id.v:175:45: Non-blocking assignment '<=' in combinational logic process
                                          : ... This will be executed as a blocking assignment '='!
  175 |           alusel_o <= 3'b011;   reg1_read_o <= 1'b0; reg2_read_o <= 1'b0;
      |                                             ^~
%Warning-COMBDLY: soc_top/mips/id.v:175:66: Non-blocking assignment '<=' in combinational logic process
                                          : ... This will be executed as a blocking assignment '='!
  175 |           alusel_o <= 3'b011;   reg1_read_o <= 1'b0; reg2_read_o <= 1'b0;
      |                                                                  ^~
%Warning-COMBDLY: soc_top/mips/id.v:176:21: Non-blocking assignment '<=' in combinational logic process
                                          : ... This will be executed as a blocking assignment '='!
  176 |           instvalid <= 1'b0; 
      |                     ^~
%Warning-COMBDLY: soc_top/mips/id.v:222:17: Non-blocking assignment '<=' in combinational logic process
                                          : ... This will be executed as a blocking assignment '='!
  222 |          wreg_o <= 1'b0;  aluop_o <= 8'b00000000;
      |                 ^~
%Warning-COMBDLY: soc_top/mips/id.v:222:35: Non-blocking assignment '<=' in combinational logic process
                                          : ... This will be executed as a blocking assignment '='!
  222 |          wreg_o <= 1'b0;  aluop_o <= 8'b00000000;
      |                                   ^~
%Warning-COMBDLY: soc_top/mips/id.v:223:20: Non-blocking assignment '<=' in combinational logic process
                                          : ... This will be executed as a blocking assignment '='!
  223 |           alusel_o <= 3'b000;  reg1_read_o <= 1'b0; reg2_read_o <= 1'b1;
      |                    ^~
%Warning-COMBDLY: soc_top/mips/id.v:223:44: Non-blocking assignment '<=' in combinational logic process
                                          : ... This will be executed as a blocking assignment '='!
  223 |           alusel_o <= 3'b000;  reg1_read_o <= 1'b0; reg2_read_o <= 1'b1;
      |                                            ^~
%Warning-COMBDLY: soc_top/mips/id.v:223:65: Non-blocking assignment '<=' in combinational logic process
                                          : ... This will be executed as a blocking assignment '='!
  223 |           alusel_o <= 3'b000;  reg1_read_o <= 1'b0; reg2_read_o <= 1'b1;
      |                                                                 ^~
%Warning-COMBDLY: soc_top/mips/id.v:224:21: Non-blocking assignment '<=' in combinational logic process
                                          : ... This will be executed as a blocking assignment '='!
  224 |           instvalid <= 1'b0; 
      |                     ^~
%Warning-COMBDLY: soc_top/mips/id.v:192:18: Non-blocking assignment '<=' in combinational logic process
                                          : ... This will be executed as a blocking assignment '='!
  192 |          aluop_o <= 8'b00001011;
      |                  ^~
%Warning-COMBDLY: soc_top/mips/id.v:193:20: Non-blocking assignment '<=' in combinational logic process
                                          : ... This will be executed as a blocking assignment '='!
  193 |           alusel_o <= 3'b011;   reg1_read_o <= 1'b1; reg2_read_o <= 1'b1;
      |                    ^~
%Warning-COMBDLY: soc_top/mips/id.v:193:45: Non-blocking assignment '<=' in combinational logic process
                                          : ... This will be executed as a blocking assignment '='!
  193 |           alusel_o <= 3'b011;   reg1_read_o <= 1'b1; reg2_read_o <= 1'b1;
      |                                             ^~
%Warning-COMBDLY: soc_top/mips/id.v:193:66: Non-blocking assignment '<=' in combinational logic process
                                          : ... This will be executed as a blocking assignment '='!
  193 |           alusel_o <= 3'b011;   reg1_read_o <= 1'b1; reg2_read_o <= 1'b1;
      |                                                                  ^~
%Warning-COMBDLY: soc_top/mips/id.v:194:21: Non-blocking assignment '<=' in combinational logic process
                                          : ... This will be executed as a blocking assignment '='!
  194 |           instvalid <= 1'b0;
      |                     ^~
%Warning-COMBDLY: soc_top/mips/id.v:196:19: Non-blocking assignment '<=' in combinational logic process
                                          : ... This will be executed as a blocking assignment '='!
  196 |            wreg_o <= 1'b1;
      |                   ^~
%Warning-COMBDLY: soc_top/mips/id.v:202:18: Non-blocking assignment '<=' in combinational logic process
                                          : ... This will be executed as a blocking assignment '='!
  202 |          aluop_o <= 8'b00001010;
      |                  ^~
%Warning-COMBDLY: soc_top/mips/id.v:203:20: Non-blocking assignment '<=' in combinational logic process
                                          : ... This will be executed as a blocking assignment '='!
  203 |           alusel_o <= 3'b011;   reg1_read_o <= 1'b1; reg2_read_o <= 1'b1;
      |                    ^~
%Warning-COMBDLY: soc_top/mips/id.v:203:45: Non-blocking assignment '<=' in combinational logic process
                                          : ... This will be executed as a blocking assignment '='!
  203 |           alusel_o <= 3'b011;   reg1_read_o <= 1'b1; reg2_read_o <= 1'b1;
      |                                             ^~
%Warning-COMBDLY: soc_top/mips/id.v:203:66: Non-blocking assignment '<=' in combinational logic process
                                          : ... This will be executed as a blocking assignment '='!
  203 |           alusel_o <= 3'b011;   reg1_read_o <= 1'b1; reg2_read_o <= 1'b1;
      |                                                                  ^~
%Warning-COMBDLY: soc_top/mips/id.v:204:21: Non-blocking assignment '<=' in combinational logic process
                                          : ... This will be executed as a blocking assignment '='!
  204 |           instvalid <= 1'b0;
      |                     ^~
%Warning-COMBDLY: soc_top/mips/id.v:206:19: Non-blocking assignment '<=' in combinational logic process
                                          : ... This will be executed as a blocking assignment '='!
  206 |            wreg_o <= 1'b1;
      |                   ^~
%Warning-COMBDLY: soc_top/mips/id.v:274:17: Non-blocking assignment '<=' in combinational logic process
                                          : ... This will be executed as a blocking assignment '='!
  274 |          wreg_o <= 1'b1;  aluop_o <= 8'b00001001;
      |                 ^~
%Warning-COMBDLY: soc_top/mips/id.v:274:35: Non-blocking assignment '<=' in combinational logic process
                                          : ... This will be executed as a blocking assignment '='!
  274 |          wreg_o <= 1'b1;  aluop_o <= 8'b00001001;
      |                                   ^~
%Warning-COMBDLY: soc_top/mips/id.v:275:20: Non-blocking assignment '<=' in combinational logic process
                                          : ... This will be executed as a blocking assignment '='!
  275 |           alusel_o <= 3'b110;   reg1_read_o <= 1'b1; reg2_read_o <= 1'b0;
      |                    ^~
%Warning-COMBDLY: soc_top/mips/id.v:275:45: Non-blocking assignment '<=' in combinational logic process
                                          : ... This will be executed as a blocking assignment '='!
  275 |           alusel_o <= 3'b110;   reg1_read_o <= 1'b1; reg2_read_o <= 1'b0;
      |                                             ^~
%Warning-COMBDLY: soc_top/mips/id.v:275:66: Non-blocking assignment '<=' in combinational logic process
                                          : ... This will be executed as a blocking assignment '='!
  275 |           alusel_o <= 3'b110;   reg1_read_o <= 1'b1; reg2_read_o <= 1'b0;
      |                                                                  ^~
%Warning-COMBDLY: soc_top/mips/id.v:276:16: Non-blocking assignment '<=' in combinational logic process
                                          : ... This will be executed as a blocking assignment '='!
  276 |           wd_o <= inst_i[15:11];
      |                ^~
%Warning-COMBDLY: soc_top/mips/id.v:277:23: Non-blocking assignment '<=' in combinational logic process
                                          : ... This will be executed as a blocking assignment '='!
  277 |           link_addr_o <= pc_plus_8;
      |                       ^~
%Warning-COMBDLY: soc_top/mips/id.v:279:45: Non-blocking assignment '<=' in combinational logic process
                                          : ... This will be executed as a blocking assignment '='!
  279 |                     branch_target_address_o <= reg1_o;
      |                                             ^~
%Warning-COMBDLY: soc_top/mips/id.v:280:35: Non-blocking assignment '<=' in combinational logic process
                                          : ... This will be executed as a blocking assignment '='!
  280 |                     branch_flag_o <= 1'b1;
      |                                   ^~
%Warning-COMBDLY: soc_top/mips/id.v:282:49: Non-blocking assignment '<=' in combinational logic process
                                          : ... This will be executed as a blocking assignment '='!
  282 |                        next_inst_in_delayslot_o <= 1'b1;
      |                                                 ^~
%Warning-COMBDLY: soc_top/mips/id.v:283:34: Non-blocking assignment '<=' in combinational logic process
                                          : ... This will be executed as a blocking assignment '='!
  283 |                        instvalid <= 1'b0; 
      |                                  ^~
%Warning-COMBDLY: soc_top/mips/id.v:263:17: Non-blocking assignment '<=' in combinational logic process
                                          : ... This will be executed as a blocking assignment '='!
  263 |          wreg_o <= 1'b0;  aluop_o <= 8'b00001000;
      |                 ^~
%Warning-COMBDLY: soc_top/mips/id.v:263:35: Non-blocking assignment '<=' in combinational logic process
                                          : ... This will be executed as a blocking assignment '='!
  263 |          wreg_o <= 1'b0;  aluop_o <= 8'b00001000;
      |                                   ^~
%Warning-COMBDLY: soc_top/mips/id.v:264:24: Non-blocking assignment '<=' in combinational logic process
                                          : ... This will be executed as a blocking assignment '='!
  264 |               alusel_o <= 3'b110;   reg1_read_o <= 1'b1; reg2_read_o <= 1'b0;
      |                        ^~
%Warning-COMBDLY: soc_top/mips/id.v:264:49: Non-blocking assignment '<=' in combinational logic process
                                          : ... This will be executed as a blocking assignment '='!
  264 |               alusel_o <= 3'b110;   reg1_read_o <= 1'b1; reg2_read_o <= 1'b0;
      |                                                 ^~
%Warning-COMBDLY: soc_top/mips/id.v:264:70: Non-blocking assignment '<=' in combinational logic process
                                          : ... This will be executed as a blocking assignment '='!
  264 |               alusel_o <= 3'b110;   reg1_read_o <= 1'b1; reg2_read_o <= 1'b0;
      |                                                                      ^~
%Warning-COMBDLY: soc_top/mips/id.v:265:27: Non-blocking assignment '<=' in combinational logic process
                                          : ... This will be executed as a blocking assignment '='!
  265 |               link_addr_o <= 32'h00000000;
      |                           ^~
%Warning-COMBDLY: soc_top/mips/id.v:267:49: Non-blocking assignment '<=' in combinational logic process
                                          : ... This will be executed as a blocking assignment '='!
  267 |                         branch_target_address_o <= reg1_o;
      |                                                 ^~
%Warning-COMBDLY: soc_top/mips/id.v:268:39: Non-blocking assignment '<=' in combinational logic process
                                          : ... This will be executed as a blocking assignment '='!
  268 |                         branch_flag_o <= 1'b1;
      |                                       ^~
%Warning-COMBDLY: soc_top/mips/id.v:270:53: Non-blocking assignment '<=' in combinational logic process
                                          : ... This will be executed as a blocking assignment '='!
  270 |                            next_inst_in_delayslot_o <= 1'b1;
      |                                                     ^~
%Warning-COMBDLY: soc_top/mips/id.v:271:38: Non-blocking assignment '<=' in combinational logic process
                                          : ... This will be executed as a blocking assignment '='!
  271 |                            instvalid <= 1'b0; 
      |                                      ^~
%Warning-COMBDLY: soc_top/mips/id.v:169:17: Non-blocking assignment '<=' in combinational logic process
                                          : ... This will be executed as a blocking assignment '='!
  169 |          wreg_o <= 1'b1;  aluop_o <= 8'b00000011;
      |                 ^~
%Warning-COMBDLY: soc_top/mips/id.v:169:35: Non-blocking assignment '<=' in combinational logic process
                                          : ... This will be executed as a blocking assignment '='!
  169 |          wreg_o <= 1'b1;  aluop_o <= 8'b00000011;
      |                                   ^~
%Warning-COMBDLY: soc_top/mips/id.v:170:20: Non-blocking assignment '<=' in combinational logic process
                                          : ... This will be executed as a blocking assignment '='!
  170 |           alusel_o <= 3'b010;  reg1_read_o <= 1'b1; reg2_read_o <= 1'b1;
      |                    ^~
%Warning-COMBDLY: soc_top/mips/id.v:170:44: Non-blocking assignment '<=' in combinational logic process
                                          : ... This will be executed as a blocking assignment '='!
  170 |           alusel_o <= 3'b010;  reg1_read_o <= 1'b1; reg2_read_o <= 1'b1;
      |                                            ^~
%Warning-COMBDLY: soc_top/mips/id.v:170:65: Non-blocking assignment '<=' in combinational logic process
                                          : ... This will be executed as a blocking assignment '='!
  170 |           alusel_o <= 3'b010;  reg1_read_o <= 1'b1; reg2_read_o <= 1'b1;
      |                                                                 ^~
%Warning-COMBDLY: soc_top/mips/id.v:171:21: Non-blocking assignment '<=' in combinational logic process
                                          : ... This will be executed as a blocking assignment '='!
  171 |           instvalid <= 1'b0;   
      |                     ^~
%Warning-COMBDLY: soc_top/mips/id.v:164:17: Non-blocking assignment '<=' in combinational logic process
                                          : ... This will be executed as a blocking assignment '='!
  164 |          wreg_o <= 1'b1;  aluop_o <= 8'b00000010;
      |                 ^~
%Warning-COMBDLY: soc_top/mips/id.v:164:35: Non-blocking assignment '<=' in combinational logic process
                                          : ... This will be executed as a blocking assignment '='!
  164 |          wreg_o <= 1'b1;  aluop_o <= 8'b00000010;
      |                                   ^~
%Warning-COMBDLY: soc_top/mips/id.v:165:20: Non-blocking assignment '<=' in combinational logic process
                                          : ... This will be executed as a blocking assignment '='!
  165 |           alusel_o <= 3'b010;  reg1_read_o <= 1'b1; reg2_read_o <= 1'b1;
      |                    ^~
%Warning-COMBDLY: soc_top/mips/id.v:165:44: Non-blocking assignment '<=' in combinational logic process
                                          : ... This will be executed as a blocking assignment '='!
  165 |           alusel_o <= 3'b010;  reg1_read_o <= 1'b1; reg2_read_o <= 1'b1;
      |                                            ^~
%Warning-COMBDLY: soc_top/mips/id.v:165:65: Non-blocking assignment '<=' in combinational logic process
                                          : ... This will be executed as a blocking assignment '='!
  165 |           alusel_o <= 3'b010;  reg1_read_o <= 1'b1; reg2_read_o <= 1'b1;
      |                                                                 ^~
%Warning-COMBDLY: soc_top/mips/id.v:166:21: Non-blocking assignment '<=' in combinational logic process
                                          : ... This will be executed as a blocking assignment '='!
  166 |           instvalid <= 1'b0; 
      |                     ^~
%Warning-COMBDLY: soc_top/mips/id.v:159:17: Non-blocking assignment '<=' in combinational logic process
                                          : ... This will be executed as a blocking assignment '='!
  159 |          wreg_o <= 1'b1;  aluop_o <= 8'b01111100;
      |                 ^~
%Warning-COMBDLY: soc_top/mips/id.v:159:35: Non-blocking assignment '<=' in combinational logic process
                                          : ... This will be executed as a blocking assignment '='!
  159 |          wreg_o <= 1'b1;  aluop_o <= 8'b01111100;
      |                                   ^~
%Warning-COMBDLY: soc_top/mips/id.v:160:20: Non-blocking assignment '<=' in combinational logic process
                                          : ... This will be executed as a blocking assignment '='!
  160 |           alusel_o <= 3'b010;  reg1_read_o <= 1'b1; reg2_read_o <= 1'b1;
      |                    ^~
%Warning-COMBDLY: soc_top/mips/id.v:160:44: Non-blocking assignment '<=' in combinational logic process
                                          : ... This will be executed as a blocking assignment '='!
  160 |           alusel_o <= 3'b010;  reg1_read_o <= 1'b1; reg2_read_o <= 1'b1;
      |                                            ^~
%Warning-COMBDLY: soc_top/mips/id.v:160:65: Non-blocking assignment '<=' in combinational logic process
                                          : ... This will be executed as a blocking assignment '='!
  160 |           alusel_o <= 3'b010;  reg1_read_o <= 1'b1; reg2_read_o <= 1'b1;
      |                                                                 ^~
%Warning-COMBDLY: soc_top/mips/id.v:161:21: Non-blocking assignment '<=' in combinational logic process
                                          : ... This will be executed as a blocking assignment '='!
  161 |           instvalid <= 1'b0; 
      |                     ^~
%Warning-COMBDLY: soc_top/mips/id.v:319:17: Non-blocking assignment '<=' in combinational logic process
                                          : ... This will be executed as a blocking assignment '='!
  319 |          wreg_o <= 1'b0;  aluop_o <= 8'b00110110;
      |                 ^~
%Warning-COMBDLY: soc_top/mips/id.v:319:35: Non-blocking assignment '<=' in combinational logic process
                                          : ... This will be executed as a blocking assignment '='!
  319 |          wreg_o <= 1'b0;  aluop_o <= 8'b00110110;
      |                                   ^~
%Warning-COMBDLY: soc_top/mips/id.v:320:20: Non-blocking assignment '<=' in combinational logic process
                                          : ... This will be executed as a blocking assignment '='!
  320 |           alusel_o <= 3'b000;   reg1_read_o <= 1'b1; reg2_read_o <= 1'b1;
      |                    ^~
%Warning-COMBDLY: soc_top/mips/id.v:320:45: Non-blocking assignment '<=' in combinational logic process
                                          : ... This will be executed as a blocking assignment '='!
  320 |           alusel_o <= 3'b000;   reg1_read_o <= 1'b1; reg2_read_o <= 1'b1;
      |                                             ^~
%Warning-COMBDLY: soc_top/mips/id.v:320:66: Non-blocking assignment '<=' in combinational logic process
                                          : ... This will be executed as a blocking assignment '='!
  320 |           alusel_o <= 3'b000;   reg1_read_o <= 1'b1; reg2_read_o <= 1'b1;
      |                                                                  ^~
%Warning-COMBDLY: soc_top/mips/id.v:321:21: Non-blocking assignment '<=' in combinational logic process
                                          : ... This will be executed as a blocking assignment '='!
  321 |           instvalid <= 1'b0;
      |                     ^~
%Warning-COMBDLY: soc_top/mips/id.v:294:17: Non-blocking assignment '<=' in combinational logic process
                                          : ... This will be executed as a blocking assignment '='!
  294 |          wreg_o <= 1'b0;  aluop_o <= 8'b00110100;
      |                 ^~
%Warning-COMBDLY: soc_top/mips/id.v:294:35: Non-blocking assignment '<=' in combinational logic process
                                          : ... This will be executed as a blocking assignment '='!
  294 |          wreg_o <= 1'b0;  aluop_o <= 8'b00110100;
      |                                   ^~
%Warning-COMBDLY: soc_top/mips/id.v:295:20: Non-blocking assignment '<=' in combinational logic process
                                          : ... This will be executed as a blocking assignment '='!
  295 |           alusel_o <= 3'b000;   reg1_read_o <= 1'b0; reg2_read_o <= 1'b0;
      |                    ^~
%Warning-COMBDLY: soc_top/mips/id.v:295:45: Non-blocking assignment '<=' in combinational logic process
                                          : ... This will be executed as a blocking assignment '='!
  295 |           alusel_o <= 3'b000;   reg1_read_o <= 1'b0; reg2_read_o <= 1'b0;
      |                                             ^~
%Warning-COMBDLY: soc_top/mips/id.v:295:66: Non-blocking assignment '<=' in combinational logic process
                                          : ... This will be executed as a blocking assignment '='!
  295 |           alusel_o <= 3'b000;   reg1_read_o <= 1'b0; reg2_read_o <= 1'b0;
      |                                                                  ^~
%Warning-COMBDLY: soc_top/mips/id.v:296:21: Non-blocking assignment '<=' in combinational logic process
                                          : ... This will be executed as a blocking assignment '='!
  296 |           instvalid <= 1'b0;
      |                     ^~
%Warning-COMBDLY: soc_top/mips/id.v:314:17: Non-blocking assignment '<=' in combinational logic process
                                          : ... This will be executed as a blocking assignment '='!
  314 |          wreg_o <= 1'b0;  aluop_o <= 8'b00110011;
      |                 ^~
%Warning-COMBDLY: soc_top/mips/id.v:314:35: Non-blocking assignment '<=' in combinational logic process
                                          : ... This will be executed as a blocking assignment '='!
  314 |          wreg_o <= 1'b0;  aluop_o <= 8'b00110011;
      |                                   ^~
%Warning-COMBDLY: soc_top/mips/id.v:315:20: Non-blocking assignment '<=' in combinational logic process
                                          : ... This will be executed as a blocking assignment '='!
  315 |           alusel_o <= 3'b000;   reg1_read_o <= 1'b1; reg2_read_o <= 1'b1;
      |                    ^~
%Warning-COMBDLY: soc_top/mips/id.v:315:45: Non-blocking assignment '<=' in combinational logic process
                                          : ... This will be executed as a blocking assignment '='!
  315 |           alusel_o <= 3'b000;   reg1_read_o <= 1'b1; reg2_read_o <= 1'b1;
      |                                             ^~
%Warning-COMBDLY: soc_top/mips/id.v:315:66: Non-blocking assignment '<=' in combinational logic process
                                          : ... This will be executed as a blocking assignment '='!
  315 |           alusel_o <= 3'b000;   reg1_read_o <= 1'b1; reg2_read_o <= 1'b1;
      |                                                                  ^~
%Warning-COMBDLY: soc_top/mips/id.v:316:21: Non-blocking assignment '<=' in combinational logic process
                                          : ... This will be executed as a blocking assignment '='!
  316 |           instvalid <= 1'b0;
      |                     ^~
%Warning-COMBDLY: soc_top/mips/id.v:309:17: Non-blocking assignment '<=' in combinational logic process
                                          : ... This will be executed as a blocking assignment '='!
  309 |          wreg_o <= 1'b0;  aluop_o <= 8'b00110010;
      |                 ^~
%Warning-COMBDLY: soc_top/mips/id.v:309:35: Non-blocking assignment '<=' in combinational logic process
                                          : ... This will be executed as a blocking assignment '='!
  309 |          wreg_o <= 1'b0;  aluop_o <= 8'b00110010;
      |                                   ^~
%Warning-COMBDLY: soc_top/mips/id.v:310:20: Non-blocking assignment '<=' in combinational logic process
                                          : ... This will be executed as a blocking assignment '='!
  310 |           alusel_o <= 3'b000;   reg1_read_o <= 1'b1; reg2_read_o <= 1'b1;
      |                    ^~
%Warning-COMBDLY: soc_top/mips/id.v:310:45: Non-blocking assignment '<=' in combinational logic process
                                          : ... This will be executed as a blocking assignment '='!
  310 |           alusel_o <= 3'b000;   reg1_read_o <= 1'b1; reg2_read_o <= 1'b1;
      |                                             ^~
%Warning-COMBDLY: soc_top/mips/id.v:310:66: Non-blocking assignment '<=' in combinational logic process
                                          : ... This will be executed as a blocking assignment '='!
  310 |           alusel_o <= 3'b000;   reg1_read_o <= 1'b1; reg2_read_o <= 1'b1;
      |                                                                  ^~
%Warning-COMBDLY: soc_top/mips/id.v:311:21: Non-blocking assignment '<=' in combinational logic process
                                          : ... This will be executed as a blocking assignment '='!
  311 |           instvalid <= 1'b0;
      |                     ^~
%Warning-COMBDLY: soc_top/mips/id.v:304:17: Non-blocking assignment '<=' in combinational logic process
                                          : ... This will be executed as a blocking assignment '='!
  304 |          wreg_o <= 1'b0;  aluop_o <= 8'b00110001;
      |                 ^~
%Warning-COMBDLY: soc_top/mips/id.v:304:35: Non-blocking assignment '<=' in combinational logic process
                                          : ... This will be executed as a blocking assignment '='!
  304 |          wreg_o <= 1'b0;  aluop_o <= 8'b00110001;
      |                                   ^~
%Warning-COMBDLY: soc_top/mips/id.v:305:20: Non-blocking assignment '<=' in combinational logic process
                                          : ... This will be executed as a blocking assignment '='!
  305 |           alusel_o <= 3'b000;   reg1_read_o <= 1'b1; reg2_read_o <= 1'b1;
      |                    ^~
%Warning-COMBDLY: soc_top/mips/id.v:305:45: Non-blocking assignment '<=' in combinational logic process
                                          : ... This will be executed as a blocking assignment '='!
  305 |           alusel_o <= 3'b000;   reg1_read_o <= 1'b1; reg2_read_o <= 1'b1;
      |                                             ^~
%Warning-COMBDLY: soc_top/mips/id.v:305:66: Non-blocking assignment '<=' in combinational logic process
                                          : ... This will be executed as a blocking assignment '='!
  305 |           alusel_o <= 3'b000;   reg1_read_o <= 1'b1; reg2_read_o <= 1'b1;
      |                                                                  ^~
%Warning-COMBDLY: soc_top/mips/id.v:306:21: Non-blocking assignment '<=' in combinational logic process
                                          : ... This will be executed as a blocking assignment '='!
  306 |           instvalid <= 1'b0;
      |                     ^~
%Warning-COMBDLY: soc_top/mips/id.v:299:17: Non-blocking assignment '<=' in combinational logic process
                                          : ... This will be executed as a blocking assignment '='!
  299 |          wreg_o <= 1'b0;  aluop_o <= 8'b00110000;
      |                 ^~
%Warning-COMBDLY: soc_top/mips/id.v:299:35: Non-blocking assignment '<=' in combinational logic process
                                          : ... This will be executed as a blocking assignment '='!
  299 |          wreg_o <= 1'b0;  aluop_o <= 8'b00110000;
      |                                   ^~
%Warning-COMBDLY: soc_top/mips/id.v:300:20: Non-blocking assignment '<=' in combinational logic process
                                          : ... This will be executed as a blocking assignment '='!
  300 |           alusel_o <= 3'b000;   reg1_read_o <= 1'b1; reg2_read_o <= 1'b1;
      |                    ^~
%Warning-COMBDLY: soc_top/mips/id.v:300:45: Non-blocking assignment '<=' in combinational logic process
                                          : ... This will be executed as a blocking assignment '='!
  300 |           alusel_o <= 3'b000;   reg1_read_o <= 1'b1; reg2_read_o <= 1'b1;
      |                                             ^~
%Warning-COMBDLY: soc_top/mips/id.v:300:66: Non-blocking assignment '<=' in combinational logic process
                                          : ... This will be executed as a blocking assignment '='!
  300 |           alusel_o <= 3'b000;   reg1_read_o <= 1'b1; reg2_read_o <= 1'b1;
      |                                                                  ^~
%Warning-COMBDLY: soc_top/mips/id.v:301:21: Non-blocking assignment '<=' in combinational logic process
                                          : ... This will be executed as a blocking assignment '='!
  301 |           instvalid <= 1'b0;
      |                     ^~
%Warning-COMBDLY: soc_top/mips/id.v:324:17: Non-blocking assignment '<=' in combinational logic process
                                          : ... This will be executed as a blocking assignment '='!
  324 |          wreg_o <= 1'b0;  aluop_o <= 8'b00001100;
      |                 ^~
%Warning-COMBDLY: soc_top/mips/id.v:324:35: Non-blocking assignment '<=' in combinational logic process
                                          : ... This will be executed as a blocking assignment '='!
  324 |          wreg_o <= 1'b0;  aluop_o <= 8'b00001100;
      |                                   ^~
%Warning-COMBDLY: soc_top/mips/id.v:325:20: Non-blocking assignment '<=' in combinational logic process
                                          : ... This will be executed as a blocking assignment '='!
  325 |           alusel_o <= 3'b000;   reg1_read_o <= 1'b0; reg2_read_o <= 1'b0;
      |                    ^~
%Warning-COMBDLY: soc_top/mips/id.v:325:45: Non-blocking assignment '<=' in combinational logic process
                                          : ... This will be executed as a blocking assignment '='!
  325 |           alusel_o <= 3'b000;   reg1_read_o <= 1'b0; reg2_read_o <= 1'b0;
      |                                             ^~
%Warning-COMBDLY: soc_top/mips/id.v:325:66: Non-blocking assignment '<=' in combinational logic process
                                          : ... This will be executed as a blocking assignment '='!
  325 |           alusel_o <= 3'b000;   reg1_read_o <= 1'b0; reg2_read_o <= 1'b0;
      |                                                                  ^~
%Warning-COMBDLY: soc_top/mips/id.v:326:21: Non-blocking assignment '<=' in combinational logic process
                                          : ... This will be executed as a blocking assignment '='!
  326 |           instvalid <= 1'b0; excepttype_is_syscall<= 1'b1;
      |                     ^~
%Warning-COMBDLY: soc_top/mips/id.v:326:51: Non-blocking assignment '<=' in combinational logic process
                                          : ... This will be executed as a blocking assignment '='!
  326 |           instvalid <= 1'b0; excepttype_is_syscall<= 1'b1;
      |                                                   ^~
%Warning-COMBDLY: soc_top/mips/id.v:646:14: Non-blocking assignment '<=' in combinational logic process
                                          : ... This will be executed as a blocking assignment '='!
  646 |       wreg_o <= 1'b1;  aluop_o <= 8'b01111100;
      |              ^~
%Warning-COMBDLY: soc_top/mips/id.v:646:32: Non-blocking assignment '<=' in combinational logic process
                                          : ... This will be executed as a blocking assignment '='!
  646 |       wreg_o <= 1'b1;  aluop_o <= 8'b01111100;
      |                                ^~
%Warning-COMBDLY: soc_top/mips/id.v:647:16: Non-blocking assignment '<=' in combinational logic process
                                          : ... This will be executed as a blocking assignment '='!
  647 |       alusel_o <= 3'b010; reg1_read_o <= 1'b0; reg2_read_o <= 1'b1;    
      |                ^~
%Warning-COMBDLY: soc_top/mips/id.v:647:39: Non-blocking assignment '<=' in combinational logic process
                                          : ... This will be executed as a blocking assignment '='!
  647 |       alusel_o <= 3'b010; reg1_read_o <= 1'b0; reg2_read_o <= 1'b1;    
      |                                       ^~
%Warning-COMBDLY: soc_top/mips/id.v:647:60: Non-blocking assignment '<=' in combinational logic process
                                          : ... This will be executed as a blocking assignment '='!
  647 |       alusel_o <= 3'b010; reg1_read_o <= 1'b0; reg2_read_o <= 1'b1;    
      |                                                            ^~
%Warning-COMBDLY: soc_top/mips/id.v:648:15: Non-blocking assignment '<=' in combinational logic process
                                          : ... This will be executed as a blocking assignment '='!
  648 |      imm[4:0] <= inst_i[10:6];  wd_o <= inst_i[15:11];
      |               ^~
%Warning-COMBDLY: soc_top/mips/id.v:648:38: Non-blocking assignment '<=' in combinational logic process
                                          : ... This will be executed as a blocking assignment '='!
  648 |      imm[4:0] <= inst_i[10:6];  wd_o <= inst_i[15:11];
      |                                      ^~
%Warning-COMBDLY: soc_top/mips/id.v:649:16: Non-blocking assignment '<=' in combinational logic process
                                          : ... This will be executed as a blocking assignment '='!
  649 |      instvalid <= 1'b0; 
      |                ^~
%Warning-COMBDLY: soc_top/mips/id.v:651:14: Non-blocking assignment '<=' in combinational logic process
                                          : ... This will be executed as a blocking assignment '='!
  651 |       wreg_o <= 1'b1;  aluop_o <= 8'b00000010;
      |              ^~
%Warning-COMBDLY: soc_top/mips/id.v:651:32: Non-blocking assignment '<=' in combinational logic process
                                          : ... This will be executed as a blocking assignment '='!
  651 |       wreg_o <= 1'b1;  aluop_o <= 8'b00000010;
      |                                ^~
%Warning-COMBDLY: soc_top/mips/id.v:652:16: Non-blocking assignment '<=' in combinational logic process
                                          : ... This will be executed as a blocking assignment '='!
  652 |       alusel_o <= 3'b010; reg1_read_o <= 1'b0; reg2_read_o <= 1'b1;    
      |                ^~
%Warning-COMBDLY: soc_top/mips/id.v:652:39: Non-blocking assignment '<=' in combinational logic process
                                          : ... This will be executed as a blocking assignment '='!
  652 |       alusel_o <= 3'b010; reg1_read_o <= 1'b0; reg2_read_o <= 1'b1;    
      |                                       ^~
%Warning-COMBDLY: soc_top/mips/id.v:652:60: Non-blocking assignment '<=' in combinational logic process
                                          : ... This will be executed as a blocking assignment '='!
  652 |       alusel_o <= 3'b010; reg1_read_o <= 1'b0; reg2_read_o <= 1'b1;    
      |                                                            ^~
%Warning-COMBDLY: soc_top/mips/id.v:653:15: Non-blocking assignment '<=' in combinational logic process
                                          : ... This will be executed as a blocking assignment '='!
  653 |      imm[4:0] <= inst_i[10:6];  wd_o <= inst_i[15:11];
      |               ^~
%Warning-COMBDLY: soc_top/mips/id.v:653:38: Non-blocking assignment '<=' in combinational logic process
                                          : ... This will be executed as a blocking assignment '='!
  653 |      imm[4:0] <= inst_i[10:6];  wd_o <= inst_i[15:11];
      |                                      ^~
%Warning-COMBDLY: soc_top/mips/id.v:654:16: Non-blocking assignment '<=' in combinational logic process
                                          : ... This will be executed as a blocking assignment '='!
  654 |      instvalid <= 1'b0; 
      |                ^~
%Warning-COMBDLY: soc_top/mips/id.v:656:14: Non-blocking assignment '<=' in combinational logic process
                                          : ... This will be executed as a blocking assignment '='!
  656 |       wreg_o <= 1'b1;  aluop_o <= 8'b00000011;
      |              ^~
%Warning-COMBDLY: soc_top/mips/id.v:656:32: Non-blocking assignment '<=' in combinational logic process
                                          : ... This will be executed as a blocking assignment '='!
  656 |       wreg_o <= 1'b1;  aluop_o <= 8'b00000011;
      |                                ^~
%Warning-COMBDLY: soc_top/mips/id.v:657:16: Non-blocking assignment '<=' in combinational logic process
                                          : ... This will be executed as a blocking assignment '='!
  657 |       alusel_o <= 3'b010; reg1_read_o <= 1'b0; reg2_read_o <= 1'b1;    
      |                ^~
%Warning-COMBDLY: soc_top/mips/id.v:657:39: Non-blocking assignment '<=' in combinational logic process
                                          : ... This will be executed as a blocking assignment '='!
  657 |       alusel_o <= 3'b010; reg1_read_o <= 1'b0; reg2_read_o <= 1'b1;    
      |                                       ^~
%Warning-COMBDLY: soc_top/mips/id.v:657:60: Non-blocking assignment '<=' in combinational logic process
                                          : ... This will be executed as a blocking assignment '='!
  657 |       alusel_o <= 3'b010; reg1_read_o <= 1'b0; reg2_read_o <= 1'b1;    
      |                                                            ^~
%Warning-COMBDLY: soc_top/mips/id.v:658:15: Non-blocking assignment '<=' in combinational logic process
                                          : ... This will be executed as a blocking assignment '='!
  658 |      imm[4:0] <= inst_i[10:6];  wd_o <= inst_i[15:11];
      |               ^~
%Warning-COMBDLY: soc_top/mips/id.v:658:38: Non-blocking assignment '<=' in combinational logic process
                                          : ... This will be executed as a blocking assignment '='!
  658 |      imm[4:0] <= inst_i[10:6];  wd_o <= inst_i[15:11];
      |                                      ^~
%Warning-COMBDLY: soc_top/mips/id.v:659:16: Non-blocking assignment '<=' in combinational logic process
                                          : ... This will be executed as a blocking assignment '='!
  659 |      instvalid <= 1'b0; 
      |                ^~
%Warning-COMBDLY: soc_top/mips/id.v:664:12: Non-blocking assignment '<=' in combinational logic process
                                          : ... This will be executed as a blocking assignment '='!
  664 |     wreg_o <= 1'b0;  aluop_o <= 8'b01101011;
      |            ^~
%Warning-COMBDLY: soc_top/mips/id.v:664:30: Non-blocking assignment '<=' in combinational logic process
                                          : ... This will be executed as a blocking assignment '='!
  664 |     wreg_o <= 1'b0;  aluop_o <= 8'b01101011;
      |                              ^~
%Warning-COMBDLY: soc_top/mips/id.v:665:15: Non-blocking assignment '<=' in combinational logic process
                                          : ... This will be executed as a blocking assignment '='!
  665 |      alusel_o <= 3'b000;   reg1_read_o <= 1'b0; reg2_read_o <= 1'b0;
      |               ^~
%Warning-COMBDLY: soc_top/mips/id.v:665:40: Non-blocking assignment '<=' in combinational logic process
                                          : ... This will be executed as a blocking assignment '='!
  665 |      alusel_o <= 3'b000;   reg1_read_o <= 1'b0; reg2_read_o <= 1'b0;
      |                                        ^~
%Warning-COMBDLY: soc_top/mips/id.v:665:61: Non-blocking assignment '<=' in combinational logic process
                                          : ... This will be executed as a blocking assignment '='!
  665 |      alusel_o <= 3'b000;   reg1_read_o <= 1'b0; reg2_read_o <= 1'b0;
      |                                                             ^~
%Warning-COMBDLY: soc_top/mips/id.v:666:16: Non-blocking assignment '<=' in combinational logic process
                                          : ... This will be executed as a blocking assignment '='!
  666 |      instvalid <= 1'b0; excepttype_is_eret<= 1'b1;    
      |                ^~
%Warning-COMBDLY: soc_top/mips/id.v:666:43: Non-blocking assignment '<=' in combinational logic process
                                          : ... This will be executed as a blocking assignment '='!
  666 |      instvalid <= 1'b0; excepttype_is_eret<= 1'b1;    
      |                                           ^~
%Warning-COMBDLY: soc_top/mips/id.v:669:13: Non-blocking assignment '<=' in combinational logic process
                                          : ... This will be executed as a blocking assignment '='!
  669 |     aluop_o <= 8'b01011101;
      |             ^~
%Warning-COMBDLY: soc_top/mips/id.v:670:14: Non-blocking assignment '<=' in combinational logic process
                                          : ... This will be executed as a blocking assignment '='!
  670 |     alusel_o <= 3'b011;
      |              ^~
%Warning-COMBDLY: soc_top/mips/id.v:671:10: Non-blocking assignment '<=' in combinational logic process
                                          : ... This will be executed as a blocking assignment '='!
  671 |     wd_o <= inst_i[20:16];
      |          ^~
%Warning-COMBDLY: soc_top/mips/id.v:672:12: Non-blocking assignment '<=' in combinational logic process
                                          : ... This will be executed as a blocking assignment '='!
  672 |     wreg_o <= 1'b1;
      |            ^~
%Warning-COMBDLY: soc_top/mips/id.v:673:15: Non-blocking assignment '<=' in combinational logic process
                                          : ... This will be executed as a blocking assignment '='!
  673 |     instvalid <= 1'b0;    
      |               ^~
%Warning-COMBDLY: soc_top/mips/id.v:674:17: Non-blocking assignment '<=' in combinational logic process
                                          : ... This will be executed as a blocking assignment '='!
  674 |     reg1_read_o <= 1'b0;
      |                 ^~
%Warning-COMBDLY: soc_top/mips/id.v:675:17: Non-blocking assignment '<=' in combinational logic process
                                          : ... This will be executed as a blocking assignment '='!
  675 |     reg2_read_o <= 1'b0;  
      |                 ^~
%Warning-COMBDLY: soc_top/mips/id.v:678:13: Non-blocking assignment '<=' in combinational logic process
                                          : ... This will be executed as a blocking assignment '='!
  678 |     aluop_o <= 8'b01100000;
      |             ^~
%Warning-COMBDLY: soc_top/mips/id.v:679:14: Non-blocking assignment '<=' in combinational logic process
                                          : ... This will be executed as a blocking assignment '='!
  679 |     alusel_o <= 3'b000;
      |              ^~
%Warning-COMBDLY: soc_top/mips/id.v:680:12: Non-blocking assignment '<=' in combinational logic process
                                          : ... This will be executed as a blocking assignment '='!
  680 |     wreg_o <= 1'b0;
      |            ^~
%Warning-COMBDLY: soc_top/mips/id.v:681:15: Non-blocking assignment '<=' in combinational logic process
                                          : ... This will be executed as a blocking assignment '='!
  681 |     instvalid <= 1'b0;    
      |               ^~
%Warning-COMBDLY: soc_top/mips/id.v:682:17: Non-blocking assignment '<=' in combinational logic process
                                          : ... This will be executed as a blocking assignment '='!
  682 |     reg1_read_o <= 1'b1;
      |                 ^~
%Warning-COMBDLY: soc_top/mips/id.v:683:17: Non-blocking assignment '<=' in combinational logic process
                                          : ... This will be executed as a blocking assignment '='!
  683 |     reg1_addr_o <= inst_i[20:16];
      |                 ^~
%Warning-COMBDLY: soc_top/mips/id.v:684:17: Non-blocking assignment '<=' in combinational logic process
                                          : ... This will be executed as a blocking assignment '='!
  684 |     reg2_read_o <= 1'b0;     
      |                 ^~
%Warning-COMBDLY: soc_top/mips/id.v:692:33: Non-blocking assignment '<=' in combinational logic process
                                          : ... This will be executed as a blocking assignment '='!
  692 |    stallreq_for_reg1_loadrelate <= 1'b0; 
      |                                 ^~
%Warning-COMBDLY: soc_top/mips/id.v:694:11: Non-blocking assignment '<=' in combinational logic process
                                          : ... This will be executed as a blocking assignment '='!
  694 |    reg1_o <= 32'h00000000; 
      |           ^~
%Warning-COMBDLY: soc_top/mips/id.v:697:34: Non-blocking assignment '<=' in combinational logic process
                                          : ... This will be executed as a blocking assignment '='!
  697 |     stallreq_for_reg1_loadrelate <= 1'b1;       
      |                                  ^~
%Warning-COMBDLY: soc_top/mips/id.v:700:11: Non-blocking assignment '<=' in combinational logic process
                                          : ... This will be executed as a blocking assignment '='!
  700 |    reg1_o <= ex_wdata_i; 
      |           ^~
%Warning-LATCH: soc_top/mips/id.v:691:2: Latch inferred for signal 'mysoc.openmips0.id_reg1_o' (not all control paths of combinational always assign a value)
                                       : ... Suggest use of always_latch for intentional latches
  691 |  always @ (*) begin
      |  ^~~~~~
                ... For warning description see https://verilator.org/warn/LATCH?v=5.046
                ... Use "/* verilator lint_off LATCH */" and lint_on around source to disable this message.
%Warning-COMBDLY: soc_top/mips/id.v:714:33: Non-blocking assignment '<=' in combinational logic process
                                          : ... This will be executed as a blocking assignment '='!
  714 |    stallreq_for_reg2_loadrelate <= 1'b0;
      |                                 ^~
%Warning-COMBDLY: soc_top/mips/id.v:716:11: Non-blocking assignment '<=' in combinational logic process
                                          : ... This will be executed as a blocking assignment '='!
  716 |    reg2_o <= 32'h00000000;
      |           ^~
%Warning-COMBDLY: soc_top/mips/id.v:719:34: Non-blocking assignment '<=' in combinational logic process
                                          : ... This will be executed as a blocking assignment '='!
  719 |     stallreq_for_reg2_loadrelate <= 1'b1;   
      |                                  ^~
%Warning-COMBDLY: soc_top/mips/id.v:722:11: Non-blocking assignment '<=' in combinational logic process
                                          : ... This will be executed as a blocking assignment '='!
  722 |    reg2_o <= ex_wdata_i; 
      |           ^~
%Warning-LATCH: soc_top/mips/id.v:713:2: Latch inferred for signal 'mysoc.openmips0.id_reg2_o' (not all control paths of combinational always assign a value)
                                       : ... Suggest use of always_latch for intentional latches
  713 |  always @ (*) begin
      |  ^~~~~~
%Warning-COMBDLY: soc_top/mips/id.v:737:22: Non-blocking assignment '<=' in combinational logic process
                                          : ... This will be executed as a blocking assignment '='!
  737 |    is_in_delayslot_o <= 1'b0;
      |                      ^~
%Warning-COMBDLY: soc_top/mips/regfile.v:37:13: Non-blocking assignment '<=' in combinational logic process
                                              : ... This will be executed as a blocking assignment '='!
   37 |      rdata1 <= 32'h00000000;
      |             ^~
%Warning-COMBDLY: soc_top/mips/regfile.v:52:13: Non-blocking assignment '<=' in combinational logic process
                                              : ... This will be executed as a blocking assignment '='!
   52 |      rdata2 <= 32'h00000000;
      |             ^~
%Warning-COMBDLY: soc_top/mips/ex.v:131:13: Non-blocking assignment '<=' in combinational logic process
                                          : ... This will be executed as a blocking assignment '='!
  131 |    logicout <= 32'h00000000;
      |             ^~
%Warning-COMBDLY: soc_top/mips/ex.v:155:13: Non-blocking assignment '<=' in combinational logic process
                                          : ... This will be executed as a blocking assignment '='!
  155 |    shiftres <= 32'h00000000;
      |             ^~
%Warning-COMBDLY: soc_top/mips/ex.v:198:18: Non-blocking assignment '<=' in combinational logic process
                                          : ... This will be executed as a blocking assignment '='!
  198 |    arithmeticres <= 32'h00000000;
      |                  ^~
%Warning-COMBDLY: soc_top/mips/ex.v:245:15: Non-blocking assignment '<=' in combinational logic process
                                          : ... This will be executed as a blocking assignment '='!
  245 |    trapassert <= 1'b0;
      |               ^~
%Warning-COMBDLY: soc_top/mips/ex.v:247:15: Non-blocking assignment '<=' in combinational logic process
                                          : ... This will be executed as a blocking assignment '='!
  247 |    trapassert <= 1'b0;
      |               ^~
%Warning-COMBDLY: soc_top/mips/ex.v:270:17: Non-blocking assignment '<=' in combinational logic process
                                          : ... This will be executed as a blocking assignment '='!
  270 |      trapassert <= 1'b0;
      |                 ^~
%Warning-COMBDLY: soc_top/mips/ex.v:266:18: Non-blocking assignment '<=' in combinational logic process
                                          : ... This will be executed as a blocking assignment '='!
  266 |       trapassert <= 1'b1;
      |                  ^~
%Warning-COMBDLY: soc_top/mips/ex.v:251:18: Non-blocking assignment '<=' in combinational logic process
                                          : ... This will be executed as a blocking assignment '='!
  251 |       trapassert <= 1'b1;
      |                  ^~
%Warning-COMBDLY: soc_top/mips/ex.v:261:18: Non-blocking assignment '<=' in combinational logic process
                                          : ... This will be executed as a blocking assignment '='!
  261 |       trapassert <= 1'b1;
      |                  ^~
%Warning-COMBDLY: soc_top/mips/ex.v:256:18: Non-blocking assignment '<=' in combinational logic process
                                          : ... This will be executed as a blocking assignment '='!
  256 |       trapassert <= 1'b1;
      |                  ^~
%Warning-COMBDLY: soc_top/mips/ex.v:289:11: Non-blocking assignment '<=' in combinational logic process
                                          : ... This will be executed as a blocking assignment '='!
  289 |    mulres <= {32'h00000000,32'h00000000};
      |           ^~
%Warning-COMBDLY: soc_top/mips/ex.v:305:12: Non-blocking assignment '<=' in combinational logic process
                                          : ... This will be executed as a blocking assignment '='!
  305 |    {HI,LO} <= {32'h00000000,32'h00000000};
      |            ^~
%Warning-COMBDLY: soc_top/mips/ex.v:307:12: Non-blocking assignment '<=' in combinational logic process
                                          : ... This will be executed as a blocking assignment '='!
  307 |    {HI,LO} <= {mem_hi_i,mem_lo_i};
      |            ^~
%Warning-COMBDLY: soc_top/mips/ex.v:309:12: Non-blocking assignment '<=' in combinational logic process
                                          : ... This will be executed as a blocking assignment '='!
  309 |    {HI,LO} <= {wb_hi_i,wb_lo_i};
      |            ^~
%Warning-COMBDLY: soc_top/mips/ex.v:311:12: Non-blocking assignment '<=' in combinational logic process
                                          : ... This will be executed as a blocking assignment '='!
  311 |    {HI,LO} <= {hi_i,lo_i};   
      |            ^~
%Warning-COMBDLY: soc_top/mips/ex.v:322:16: Non-blocking assignment '<=' in combinational logic process
                                          : ... This will be executed as a blocking assignment '='!
  322 |    hilo_temp_o <= {32'h00000000,32'h00000000};
      |                ^~
%Warning-COMBDLY: soc_top/mips/ex.v:323:10: Non-blocking assignment '<=' in combinational logic process
                                          : ... This will be executed as a blocking assignment '='!
  323 |    cnt_o <= 2'b00;
      |          ^~
%Warning-COMBDLY: soc_top/mips/ex.v:324:27: Non-blocking assignment '<=' in combinational logic process
                                          : ... This will be executed as a blocking assignment '='!
  324 |    stallreq_for_madd_msub <= 1'b0;
      |                           ^~
%Warning-COMBDLY: soc_top/mips/ex.v:330:19: Non-blocking assignment '<=' in combinational logic process
                                          : ... This will be executed as a blocking assignment '='!
  330 |       hilo_temp_o <= mulres;
      |                   ^~
%Warning-COMBDLY: soc_top/mips/ex.v:331:13: Non-blocking assignment '<=' in combinational logic process
                                          : ... This will be executed as a blocking assignment '='!
  331 |       cnt_o <= 2'b01;
      |             ^~
%Warning-COMBDLY: soc_top/mips/ex.v:332:30: Non-blocking assignment '<=' in combinational logic process
                                          : ... This will be executed as a blocking assignment '='!
  332 |       stallreq_for_madd_msub <= 1'b1;
      |                              ^~
%Warning-COMBDLY: soc_top/mips/ex.v:333:18: Non-blocking assignment '<=' in combinational logic process
                                          : ... This will be executed as a blocking assignment '='!
  333 |       hilo_temp1 <= {32'h00000000,32'h00000000};
      |                  ^~
%Warning-COMBDLY: soc_top/mips/ex.v:335:19: Non-blocking assignment '<=' in combinational logic process
                                          : ... This will be executed as a blocking assignment '='!
  335 |       hilo_temp_o <= {32'h00000000,32'h00000000};      
      |                   ^~
%Warning-COMBDLY: soc_top/mips/ex.v:336:13: Non-blocking assignment '<=' in combinational logic process
                                          : ... This will be executed as a blocking assignment '='!
  336 |       cnt_o <= 2'b10;
      |             ^~
%Warning-COMBDLY: soc_top/mips/ex.v:337:18: Non-blocking assignment '<=' in combinational logic process
                                          : ... This will be executed as a blocking assignment '='!
  337 |       hilo_temp1 <= hilo_temp_i + {HI,LO};
      |                  ^~
%Warning-COMBDLY: soc_top/mips/ex.v:338:30: Non-blocking assignment '<=' in combinational logic process
                                          : ... This will be executed as a blocking assignment '='!
  338 |       stallreq_for_madd_msub <= 1'b0;
      |                              ^~
%Warning-COMBDLY: soc_top/mips/ex.v:343:19: Non-blocking assignment '<=' in combinational logic process
                                          : ... This will be executed as a blocking assignment '='!
  343 |       hilo_temp_o <=  ~mulres + 1 ;
      |                   ^~
%Warning-COMBDLY: soc_top/mips/ex.v:344:13: Non-blocking assignment '<=' in combinational logic process
                                          : ... This will be executed as a blocking assignment '='!
  344 |       cnt_o <= 2'b01;
      |             ^~
%Warning-COMBDLY: soc_top/mips/ex.v:345:30: Non-blocking assignment '<=' in combinational logic process
                                          : ... This will be executed as a blocking assignment '='!
  345 |       stallreq_for_madd_msub <= 1'b1;
      |                              ^~
%Warning-COMBDLY: soc_top/mips/ex.v:347:19: Non-blocking assignment '<=' in combinational logic process
                                          : ... This will be executed as a blocking assignment '='!
  347 |       hilo_temp_o <= {32'h00000000,32'h00000000};      
      |                   ^~
%Warning-COMBDLY: soc_top/mips/ex.v:348:13: Non-blocking assignment '<=' in combinational logic process
                                          : ... This will be executed as a blocking assignment '='!
  348 |       cnt_o <= 2'b10;
      |             ^~
%Warning-COMBDLY: soc_top/mips/ex.v:349:18: Non-blocking assignment '<=' in combinational logic process
                                          : ... This will be executed as a blocking assignment '='!
  349 |       hilo_temp1 <= hilo_temp_i + {HI,LO};
      |                  ^~
%Warning-COMBDLY: soc_top/mips/ex.v:350:30: Non-blocking assignment '<=' in combinational logic process
                                          : ... This will be executed as a blocking assignment '='!
  350 |       stallreq_for_madd_msub <= 1'b0;
      |                              ^~
%Warning-COMBDLY: soc_top/mips/ex.v:354:18: Non-blocking assignment '<=' in combinational logic process
                                          : ... This will be executed as a blocking assignment '='!
  354 |      hilo_temp_o <= {32'h00000000,32'h00000000};
      |                  ^~
%Warning-COMBDLY: soc_top/mips/ex.v:355:12: Non-blocking assignment '<=' in combinational logic process
                                          : ... This will be executed as a blocking assignment '='!
  355 |      cnt_o <= 2'b00;
      |            ^~
%Warning-COMBDLY: soc_top/mips/ex.v:356:29: Non-blocking assignment '<=' in combinational logic process
                                          : ... This will be executed as a blocking assignment '='!
  356 |      stallreq_for_madd_msub <= 1'b0;    
      |                             ^~
%Warning-COMBDLY: soc_top/mips/ex.v:365:21: Non-blocking assignment '<=' in combinational logic process
                                          : ... This will be executed as a blocking assignment '='!
  365 |    stallreq_for_div <= 1'b0;
      |                     ^~
%Warning-COMBDLY: soc_top/mips/ex.v:366:20: Non-blocking assignment '<=' in combinational logic process
                                          : ... This will be executed as a blocking assignment '='!
  366 |      div_opdata1_o <= 32'h00000000;
      |                    ^~
%Warning-COMBDLY: soc_top/mips/ex.v:367:18: Non-blocking assignment '<=' in combinational logic process
                                          : ... This will be executed as a blocking assignment '='!
  367 |    div_opdata2_o <= 32'h00000000;
      |                  ^~
%Warning-COMBDLY: soc_top/mips/ex.v:368:16: Non-blocking assignment '<=' in combinational logic process
                                          : ... This will be executed as a blocking assignment '='!
  368 |    div_start_o <= 1'b0;
      |                ^~
%Warning-COMBDLY: soc_top/mips/ex.v:369:17: Non-blocking assignment '<=' in combinational logic process
                                          : ... This will be executed as a blocking assignment '='!
  369 |    signed_div_o <= 1'b0;
      |                 ^~
%Warning-COMBDLY: soc_top/mips/ex.v:371:21: Non-blocking assignment '<=' in combinational logic process
                                          : ... This will be executed as a blocking assignment '='!
  371 |    stallreq_for_div <= 1'b0;
      |                     ^~
%Warning-COMBDLY: soc_top/mips/ex.v:372:20: Non-blocking assignment '<=' in combinational logic process
                                          : ... This will be executed as a blocking assignment '='!
  372 |      div_opdata1_o <= 32'h00000000;
      |                    ^~
%Warning-COMBDLY: soc_top/mips/ex.v:373:18: Non-blocking assignment '<=' in combinational logic process
                                          : ... This will be executed as a blocking assignment '='!
  373 |    div_opdata2_o <= 32'h00000000;
      |                  ^~
%Warning-COMBDLY: soc_top/mips/ex.v:374:16: Non-blocking assignment '<=' in combinational logic process
                                          : ... This will be executed as a blocking assignment '='!
  374 |    div_start_o <= 1'b0;
      |                ^~
%Warning-COMBDLY: soc_top/mips/ex.v:375:17: Non-blocking assignment '<=' in combinational logic process
                                          : ... This will be executed as a blocking assignment '='!
  375 |    signed_div_o <= 1'b0; 
      |                 ^~
%Warning-COMBDLY: soc_top/mips/ex.v:385:23: Non-blocking assignment '<=' in combinational logic process
                                          : ... This will be executed as a blocking assignment '='!
  385 |         div_opdata1_o <= reg1_i;
      |                       ^~
%Warning-COMBDLY: soc_top/mips/ex.v:386:21: Non-blocking assignment '<=' in combinational logic process
                                          : ... This will be executed as a blocking assignment '='!
  386 |       div_opdata2_o <= reg2_i;
      |                     ^~
%Warning-COMBDLY: soc_top/mips/ex.v:387:19: Non-blocking assignment '<=' in combinational logic process
                                          : ... This will be executed as a blocking assignment '='!
  387 |       div_start_o <= 1'b0;
      |                   ^~
%Warning-COMBDLY: soc_top/mips/ex.v:388:20: Non-blocking assignment '<=' in combinational logic process
                                          : ... This will be executed as a blocking assignment '='!
  388 |       signed_div_o <= 1'b1;
      |                    ^~
%Warning-COMBDLY: soc_top/mips/ex.v:389:24: Non-blocking assignment '<=' in combinational logic process
                                          : ... This will be executed as a blocking assignment '='!
  389 |       stallreq_for_div <= 1'b0;
      |                        ^~
%Warning-COMBDLY: soc_top/mips/ex.v:379:23: Non-blocking assignment '<=' in combinational logic process
                                          : ... This will be executed as a blocking assignment '='!
  379 |         div_opdata1_o <= reg1_i;
      |                       ^~
%Warning-COMBDLY: soc_top/mips/ex.v:380:21: Non-blocking assignment '<=' in combinational logic process
                                          : ... This will be executed as a blocking assignment '='!
  380 |       div_opdata2_o <= reg2_i;
      |                     ^~
%Warning-COMBDLY: soc_top/mips/ex.v:381:19: Non-blocking assignment '<=' in combinational logic process
                                          : ... This will be executed as a blocking assignment '='!
  381 |       div_start_o <= 1'b1;
      |                   ^~
%Warning-COMBDLY: soc_top/mips/ex.v:382:20: Non-blocking assignment '<=' in combinational logic process
                                          : ... This will be executed as a blocking assignment '='!
  382 |       signed_div_o <= 1'b1;
      |                    ^~
%Warning-COMBDLY: soc_top/mips/ex.v:383:24: Non-blocking assignment '<=' in combinational logic process
                                          : ... This will be executed as a blocking assignment '='!
  383 |       stallreq_for_div <= 1'b1;
      |                        ^~
%Warning-COMBDLY: soc_top/mips/ex.v:406:23: Non-blocking assignment '<=' in combinational logic process
                                          : ... This will be executed as a blocking assignment '='!
  406 |         div_opdata1_o <= reg1_i;
      |                       ^~
%Warning-COMBDLY: soc_top/mips/ex.v:407:21: Non-blocking assignment '<=' in combinational logic process
                                          : ... This will be executed as a blocking assignment '='!
  407 |       div_opdata2_o <= reg2_i;
      |                     ^~
%Warning-COMBDLY: soc_top/mips/ex.v:408:19: Non-blocking assignment '<=' in combinational logic process
                                          : ... This will be executed as a blocking assignment '='!
  408 |       div_start_o <= 1'b0;
      |                   ^~
%Warning-COMBDLY: soc_top/mips/ex.v:409:20: Non-blocking assignment '<=' in combinational logic process
                                          : ... This will be executed as a blocking assignment '='!
  409 |       signed_div_o <= 1'b0;
      |                    ^~
%Warning-COMBDLY: soc_top/mips/ex.v:410:24: Non-blocking assignment '<=' in combinational logic process
                                          : ... This will be executed as a blocking assignment '='!
  410 |       stallreq_for_div <= 1'b0;
      |                        ^~
%Warning-COMBDLY: soc_top/mips/ex.v:400:23: Non-blocking assignment '<=' in combinational logic process
                                          : ... This will be executed as a blocking assignment '='!
  400 |         div_opdata1_o <= reg1_i;
      |                       ^~
%Warning-COMBDLY: soc_top/mips/ex.v:401:21: Non-blocking assignment '<=' in combinational logic process
                                          : ... This will be executed as a blocking assignment '='!
  401 |       div_opdata2_o <= reg2_i;
      |                     ^~
%Warning-COMBDLY: soc_top/mips/ex.v:402:19: Non-blocking assignment '<=' in combinational logic process
                                          : ... This will be executed as a blocking assignment '='!
  402 |       div_start_o <= 1'b1;
      |                   ^~
%Warning-COMBDLY: soc_top/mips/ex.v:403:20: Non-blocking assignment '<=' in combinational logic process
                                          : ... This will be executed as a blocking assignment '='!
  403 |       signed_div_o <= 1'b0;
      |                    ^~
%Warning-COMBDLY: soc_top/mips/ex.v:404:24: Non-blocking assignment '<=' in combinational logic process
                                          : ... This will be executed as a blocking assignment '='!
  404 |       stallreq_for_div <= 1'b1;
      |                        ^~
%Warning-COMBDLY: soc_top/mips/ex.v:428:13: Non-blocking assignment '<=' in combinational logic process
                                          : ... This will be executed as a blocking assignment '='!
  428 |     moveres <= 32'h00000000;
      |             ^~
%Warning-COMBDLY: soc_top/mips/ex.v:430:13: Non-blocking assignment '<=' in combinational logic process
                                          : ... This will be executed as a blocking assignment '='!
  430 |     moveres <= 32'h00000000;
      |             ^~
%Warning-COMBDLY: soc_top/mips/ex.v:433:15: Non-blocking assignment '<=' in combinational logic process
                                          : ... This will be executed as a blocking assignment '='!
  433 |       moveres <= HI;
      |               ^~
%Warning-COMBDLY: soc_top/mips/ex.v:436:15: Non-blocking assignment '<=' in combinational logic process
                                          : ... This will be executed as a blocking assignment '='!
  436 |       moveres <= LO;
      |               ^~
%Warning-COMBDLY: soc_top/mips/ex.v:439:15: Non-blocking assignment '<=' in combinational logic process
                                          : ... This will be executed as a blocking assignment '='!
  439 |       moveres <= reg1_i;
      |               ^~
%Warning-COMBDLY: soc_top/mips/ex.v:442:15: Non-blocking assignment '<=' in combinational logic process
                                          : ... This will be executed as a blocking assignment '='!
  442 |       moveres <= reg1_i;
      |               ^~
%Warning-COMBDLY: soc_top/mips/ex.v:445:28: Non-blocking assignment '<=' in combinational logic process
                                          : ... This will be executed as a blocking assignment '='!
  445 |        cp0_reg_read_addr_o <= inst_i[15:11];
      |                            ^~
%Warning-COMBDLY: soc_top/mips/ex.v:446:15: Non-blocking assignment '<=' in combinational logic process
                                          : ... This will be executed as a blocking assignment '='!
  446 |       moveres <= cp0_reg_data_i;
      |               ^~
%Warning-COMBDLY: soc_top/mips/ex.v:449:17: Non-blocking assignment '<=' in combinational logic process
                                          : ... This will be executed as a blocking assignment '='!
  449 |         moveres <= mem_cp0_reg_data;
      |                 ^~
%Warning-COMBDLY: soc_top/mips/ex.v:452:17: Non-blocking assignment '<=' in combinational logic process
                                          : ... This will be executed as a blocking assignment '='!
  452 |         moveres <= wb_cp0_reg_data;
      |                 ^~
%Warning-COMBDLY: soc_top/mips/ex.v:462:8: Non-blocking assignment '<=' in combinational logic process
                                         : ... This will be executed as a blocking assignment '='!
  462 |   wd_o <= wd_i;
      |        ^~
%Warning-COMBDLY: soc_top/mips/ex.v:466:11: Non-blocking assignment '<=' in combinational logic process
                                          : ... This will be executed as a blocking assignment '='!
  466 |    wreg_o <= 1'b0;
      |           ^~
%Warning-COMBDLY: soc_top/mips/ex.v:467:13: Non-blocking assignment '<=' in combinational logic process
                                          : ... This will be executed as a blocking assignment '='!
  467 |    ovassert <= 1'b1;
      |             ^~
%Warning-COMBDLY: soc_top/mips/ex.v:469:11: Non-blocking assignment '<=' in combinational logic process
                                          : ... This will be executed as a blocking assignment '='!
  469 |    wreg_o <= wreg_i;
      |           ^~
%Warning-COMBDLY: soc_top/mips/ex.v:470:13: Non-blocking assignment '<=' in combinational logic process
                                          : ... This will be executed as a blocking assignment '='!
  470 |    ovassert <= 1'b0;
      |             ^~
%Warning-COMBDLY: soc_top/mips/ex.v:493:13: Non-blocking assignment '<=' in combinational logic process
                                          : ... This will be executed as a blocking assignment '='!
  493 |     wdata_o <= 32'h00000000;
      |             ^~
%Warning-COMBDLY: soc_top/mips/ex.v:500:12: Non-blocking assignment '<=' in combinational logic process
                                          : ... This will be executed as a blocking assignment '='!
  500 |    whilo_o <= 1'b0;
      |            ^~
%Warning-COMBDLY: soc_top/mips/ex.v:501:9: Non-blocking assignment '<=' in combinational logic process
                                         : ... This will be executed as a blocking assignment '='!
  501 |    hi_o <= 32'h00000000;
      |         ^~
%Warning-COMBDLY: soc_top/mips/ex.v:502:9: Non-blocking assignment '<=' in combinational logic process
                                         : ... This will be executed as a blocking assignment '='!
  502 |    lo_o <= 32'h00000000;  
      |         ^~
%Warning-COMBDLY: soc_top/mips/ex.v:504:12: Non-blocking assignment '<=' in combinational logic process
                                          : ... This will be executed as a blocking assignment '='!
  504 |    whilo_o <= 1'b1;
      |            ^~
%Warning-COMBDLY: soc_top/mips/ex.v:505:9: Non-blocking assignment '<=' in combinational logic process
                                         : ... This will be executed as a blocking assignment '='!
  505 |    hi_o <= mulres[63:32];
      |         ^~
%Warning-COMBDLY: soc_top/mips/ex.v:506:9: Non-blocking assignment '<=' in combinational logic process
                                         : ... This will be executed as a blocking assignment '='!
  506 |    lo_o <= mulres[31:0];   
      |         ^~
%Warning-COMBDLY: soc_top/mips/ex.v:508:12: Non-blocking assignment '<=' in combinational logic process
                                          : ... This will be executed as a blocking assignment '='!
  508 |    whilo_o <= 1'b1;
      |            ^~
%Warning-COMBDLY: soc_top/mips/ex.v:509:9: Non-blocking assignment '<=' in combinational logic process
                                         : ... This will be executed as a blocking assignment '='!
  509 |    hi_o <= hilo_temp1[63:32];
      |         ^~
%Warning-COMBDLY: soc_top/mips/ex.v:510:9: Non-blocking assignment '<=' in combinational logic process
                                         : ... This will be executed as a blocking assignment '='!
  510 |    lo_o <= hilo_temp1[31:0];
      |         ^~
%Warning-COMBDLY: soc_top/mips/ex.v:512:12: Non-blocking assignment '<=' in combinational logic process
                                          : ... This will be executed as a blocking assignment '='!
  512 |    whilo_o <= 1'b1;
      |            ^~
%Warning-COMBDLY: soc_top/mips/ex.v:513:9: Non-blocking assignment '<=' in combinational logic process
                                         : ... This will be executed as a blocking assignment '='!
  513 |    hi_o <= hilo_temp1[63:32];
      |         ^~
%Warning-COMBDLY: soc_top/mips/ex.v:514:9: Non-blocking assignment '<=' in combinational logic process
                                         : ... This will be executed as a blocking assignment '='!
  514 |    lo_o <= hilo_temp1[31:0];  
      |         ^~
%Warning-COMBDLY: soc_top/mips/ex.v:516:12: Non-blocking assignment '<=' in combinational logic process
                                          : ... This will be executed as a blocking assignment '='!
  516 |    whilo_o <= 1'b1;
      |            ^~
%Warning-COMBDLY: soc_top/mips/ex.v:517:9: Non-blocking assignment '<=' in combinational logic process
                                         : ... This will be executed as a blocking assignment '='!
  517 |    hi_o <= div_result_i[63:32];
      |         ^~
%Warning-COMBDLY: soc_top/mips/ex.v:518:9: Non-blocking assignment '<=' in combinational logic process
                                         : ... This will be executed as a blocking assignment '='!
  518 |    lo_o <= div_result_i[31:0];       
      |         ^~
%Warning-COMBDLY: soc_top/mips/ex.v:520:12: Non-blocking assignment '<=' in combinational logic process
                                          : ... This will be executed as a blocking assignment '='!
  520 |    whilo_o <= 1'b1;
      |            ^~
%Warning-COMBDLY: soc_top/mips/ex.v:521:9: Non-blocking assignment '<=' in combinational logic process
                                         : ... This will be executed as a blocking assignment '='!
  521 |    hi_o <= reg1_i;
      |         ^~
%Warning-COMBDLY: soc_top/mips/ex.v:522:9: Non-blocking assignment '<=' in combinational logic process
                                         : ... This will be executed as a blocking assignment '='!
  522 |    lo_o <= LO;
      |         ^~
%Warning-COMBDLY: soc_top/mips/ex.v:524:12: Non-blocking assignment '<=' in combinational logic process
                                          : ... This will be executed as a blocking assignment '='!
  524 |    whilo_o <= 1'b1;
      |            ^~
%Warning-COMBDLY: soc_top/mips/ex.v:525:9: Non-blocking assignment '<=' in combinational logic process
                                         : ... This will be executed as a blocking assignment '='!
  525 |    hi_o <= HI;
      |         ^~
%Warning-COMBDLY: soc_top/mips/ex.v:526:9: Non-blocking assignment '<=' in combinational logic process
                                         : ... This will be executed as a blocking assignment '='!
  526 |    lo_o <= reg1_i;
      |         ^~
%Warning-COMBDLY: soc_top/mips/ex.v:528:12: Non-blocking assignment '<=' in combinational logic process
                                          : ... This will be executed as a blocking assignment '='!
  528 |    whilo_o <= 1'b0;
      |            ^~
%Warning-COMBDLY: soc_top/mips/ex.v:529:9: Non-blocking assignment '<=' in combinational logic process
                                         : ... This will be executed as a blocking assignment '='!
  529 |    hi_o <= 32'h00000000;
      |         ^~
%Warning-COMBDLY: soc_top/mips/ex.v:530:9: Non-blocking assignment '<=' in combinational logic process
                                         : ... This will be executed as a blocking assignment '='!
  530 |    lo_o <= 32'h00000000;
      |         ^~
%Warning-COMBDLY: soc_top/mips/ex.v:536:25: Non-blocking assignment '<=' in combinational logic process
                                          : ... This will be executed as a blocking assignment '='!
  536 |    cp0_reg_write_addr_o <= 5'b00000;
      |                         ^~
%Warning-COMBDLY: soc_top/mips/ex.v:537:17: Non-blocking assignment '<=' in combinational logic process
                                          : ... This will be executed as a blocking assignment '='!
  537 |    cp0_reg_we_o <= 1'b0;
      |                 ^~
%Warning-COMBDLY: soc_top/mips/ex.v:538:19: Non-blocking assignment '<=' in combinational logic process
                                          : ... This will be executed as a blocking assignment '='!
  538 |    cp0_reg_data_o <= 32'h00000000;
      |                   ^~
%Warning-COMBDLY: soc_top/mips/ex.v:540:25: Non-blocking assignment '<=' in combinational logic process
                                          : ... This will be executed as a blocking assignment '='!
  540 |    cp0_reg_write_addr_o <= inst_i[15:11];
      |                         ^~
%Warning-COMBDLY: soc_top/mips/ex.v:541:17: Non-blocking assignment '<=' in combinational logic process
                                          : ... This will be executed as a blocking assignment '='!
  541 |    cp0_reg_we_o <= 1'b1;
      |                 ^~
%Warning-COMBDLY: soc_top/mips/ex.v:542:19: Non-blocking assignment '<=' in combinational logic process
                                          : ... This will be executed as a blocking assignment '='!
  542 |    cp0_reg_data_o <= reg1_i;
      |                   ^~
%Warning-COMBDLY: soc_top/mips/ex.v:544:25: Non-blocking assignment '<=' in combinational logic process
                                          : ... This will be executed as a blocking assignment '='!
  544 |    cp0_reg_write_addr_o <= 5'b00000;
      |                         ^~
%Warning-COMBDLY: soc_top/mips/ex.v:545:17: Non-blocking assignment '<=' in combinational logic process
                                          : ... This will be executed as a blocking assignment '='!
  545 |    cp0_reg_we_o <= 1'b0;
      |                 ^~
%Warning-COMBDLY: soc_top/mips/ex.v:546:19: Non-blocking assignment '<=' in combinational logic process
                                          : ... This will be executed as a blocking assignment '='!
  546 |    cp0_reg_data_o <= 32'h00000000;
      |                   ^~
%Warning-COMBDLY: soc_top/mips/mem.v:96:10: Non-blocking assignment '<=' in combinational logic process
                                          : ... This will be executed as a blocking assignment '='!
   96 |    LLbit <= 1'b0;
      |          ^~
%Warning-COMBDLY: soc_top/mips/mem.v:108:9: Non-blocking assignment '<=' in combinational logic process
                                          : ... This will be executed as a blocking assignment '='!
  108 |    wd_o <= 5'b00000;
      |         ^~
%Warning-COMBDLY: soc_top/mips/mem.v:109:11: Non-blocking assignment '<=' in combinational logic process
                                           : ... This will be executed as a blocking assignment '='!
  109 |    wreg_o <= 1'b0;
      |           ^~
%Warning-COMBDLY: soc_top/mips/mem.v:110:13: Non-blocking assignment '<=' in combinational logic process
                                           : ... This will be executed as a blocking assignment '='!
  110 |     wdata_o <= 32'h00000000;
      |             ^~
%Warning-COMBDLY: soc_top/mips/mem.v:111:10: Non-blocking assignment '<=' in combinational logic process
                                           : ... This will be executed as a blocking assignment '='!
  111 |     hi_o <= 32'h00000000;
      |          ^~
%Warning-COMBDLY: soc_top/mips/mem.v:112:10: Non-blocking assignment '<=' in combinational logic process
                                           : ... This will be executed as a blocking assignment '='!
  112 |     lo_o <= 32'h00000000;
      |          ^~
%Warning-COMBDLY: soc_top/mips/mem.v:113:13: Non-blocking assignment '<=' in combinational logic process
                                           : ... This will be executed as a blocking assignment '='!
  113 |     whilo_o <= 1'b0;  
      |             ^~
%Warning-COMBDLY: soc_top/mips/mem.v:114:16: Non-blocking assignment '<=' in combinational logic process
                                           : ... This will be executed as a blocking assignment '='!
  114 |     mem_addr_o <= 32'h00000000;
      |                ^~
%Warning-COMBDLY: soc_top/mips/mem.v:115:12: Non-blocking assignment '<=' in combinational logic process
                                           : ... This will be executed as a blocking assignment '='!
  115 |     mem_we <= 1'b0;
      |            ^~
%Warning-COMBDLY: soc_top/mips/mem.v:116:15: Non-blocking assignment '<=' in combinational logic process
                                           : ... This will be executed as a blocking assignment '='!
  116 |     mem_sel_o <= 4'b0000;
      |               ^~
%Warning-COMBDLY: soc_top/mips/mem.v:117:16: Non-blocking assignment '<=' in combinational logic process
                                           : ... This will be executed as a blocking assignment '='!
  117 |     mem_data_o <= 32'h00000000;  
      |                ^~
%Warning-COMBDLY: soc_top/mips/mem.v:118:14: Non-blocking assignment '<=' in combinational logic process
                                           : ... This will be executed as a blocking assignment '='!
  118 |     mem_ce_o <= 1'b0;
      |              ^~
%Warning-COMBDLY: soc_top/mips/mem.v:119:16: Non-blocking assignment '<=' in combinational logic process
                                           : ... This will be executed as a blocking assignment '='!
  119 |     LLbit_we_o <= 1'b0;
      |                ^~
%Warning-COMBDLY: soc_top/mips/mem.v:120:19: Non-blocking assignment '<=' in combinational logic process
                                           : ... This will be executed as a blocking assignment '='!
  120 |     LLbit_value_o <= 1'b0;  
      |                   ^~
%Warning-COMBDLY: soc_top/mips/mem.v:121:18: Non-blocking assignment '<=' in combinational logic process
                                           : ... This will be executed as a blocking assignment '='!
  121 |     cp0_reg_we_o <= 1'b0;
      |                  ^~
%Warning-COMBDLY: soc_top/mips/mem.v:122:26: Non-blocking assignment '<=' in combinational logic process
                                           : ... This will be executed as a blocking assignment '='!
  122 |     cp0_reg_write_addr_o <= 5'b00000;
      |                          ^~
%Warning-COMBDLY: soc_top/mips/mem.v:123:20: Non-blocking assignment '<=' in combinational logic process
                                           : ... This will be executed as a blocking assignment '='!
  123 |     cp0_reg_data_o <= 32'h00000000;          
      |                    ^~
%Warning-COMBDLY: soc_top/mips/mem.v:125:10: Non-blocking assignment '<=' in combinational logic process
                                           : ... This will be executed as a blocking assignment '='!
  125 |     wd_o <= wd_i;
      |          ^~
%Warning-COMBDLY: soc_top/mips/mem.v:126:11: Non-blocking assignment '<=' in combinational logic process
                                           : ... This will be executed as a blocking assignment '='!
  126 |    wreg_o <= wreg_i;
      |           ^~
%Warning-COMBDLY: soc_top/mips/mem.v:127:12: Non-blocking assignment '<=' in combinational logic process
                                           : ... This will be executed as a blocking assignment '='!
  127 |    wdata_o <= wdata_i;
      |            ^~
%Warning-COMBDLY: soc_top/mips/mem.v:128:9: Non-blocking assignment '<=' in combinational logic process
                                          : ... This will be executed as a blocking assignment '='!
  128 |    hi_o <= hi_i;
      |         ^~
%Warning-COMBDLY: soc_top/mips/mem.v:129:9: Non-blocking assignment '<=' in combinational logic process
                                          : ... This will be executed as a blocking assignment '='!
  129 |    lo_o <= lo_i;
      |         ^~
%Warning-COMBDLY: soc_top/mips/mem.v:130:12: Non-blocking assignment '<=' in combinational logic process
                                           : ... This will be executed as a blocking assignment '='!
  130 |    whilo_o <= whilo_i;  
      |            ^~
%Warning-COMBDLY: soc_top/mips/mem.v:131:11: Non-blocking assignment '<=' in combinational logic process
                                           : ... This will be executed as a blocking assignment '='!
  131 |    mem_we <= 1'b0;
      |           ^~
%Warning-COMBDLY: soc_top/mips/mem.v:132:15: Non-blocking assignment '<=' in combinational logic process
                                           : ... This will be executed as a blocking assignment '='!
  132 |    mem_addr_o <= 32'h00000000;
      |               ^~
%Warning-COMBDLY: soc_top/mips/mem.v:133:14: Non-blocking assignment '<=' in combinational logic process
                                           : ... This will be executed as a blocking assignment '='!
  133 |    mem_sel_o <= 4'b1111;
      |              ^~
%Warning-COMBDLY: soc_top/mips/mem.v:134:13: Non-blocking assignment '<=' in combinational logic process
                                           : ... This will be executed as a blocking assignment '='!
  134 |    mem_ce_o <= 1'b0;
      |             ^~
%Warning-COMBDLY: soc_top/mips/mem.v:135:16: Non-blocking assignment '<=' in combinational logic process
                                           : ... This will be executed as a blocking assignment '='!
  135 |     LLbit_we_o <= 1'b0;
      |                ^~
%Warning-COMBDLY: soc_top/mips/mem.v:136:19: Non-blocking assignment '<=' in combinational logic process
                                           : ... This will be executed as a blocking assignment '='!
  136 |     LLbit_value_o <= 1'b0;  
      |                   ^~
%Warning-COMBDLY: soc_top/mips/mem.v:137:18: Non-blocking assignment '<=' in combinational logic process
                                           : ... This will be executed as a blocking assignment '='!
  137 |     cp0_reg_we_o <= cp0_reg_we_i;
      |                  ^~
%Warning-COMBDLY: soc_top/mips/mem.v:138:26: Non-blocking assignment '<=' in combinational logic process
                                           : ... This will be executed as a blocking assignment '='!
  138 |     cp0_reg_write_addr_o <= cp0_reg_write_addr_i;
      |                          ^~
%Warning-COMBDLY: soc_top/mips/mem.v:139:20: Non-blocking assignment '<=' in combinational logic process
                                           : ... This will be executed as a blocking assignment '='!
  139 |     cp0_reg_data_o <= cp0_reg_data_i;        
      |                    ^~
%Warning-COMBDLY: soc_top/mips/mem.v:392:18: Non-blocking assignment '<=' in combinational logic process
                                           : ... This will be executed as a blocking assignment '='!
  392 |       LLbit_we_o <= 1'b1;
      |                  ^~
%Warning-COMBDLY: soc_top/mips/mem.v:393:21: Non-blocking assignment '<=' in combinational logic process
                                           : ... This will be executed as a blocking assignment '='!
  393 |       LLbit_value_o <= 1'b0;
      |                     ^~
%Warning-COMBDLY: soc_top/mips/mem.v:394:18: Non-blocking assignment '<=' in combinational logic process
                                           : ... This will be executed as a blocking assignment '='!
  394 |       mem_addr_o <= mem_addr_i;
      |                  ^~
%Warning-COMBDLY: soc_top/mips/mem.v:395:14: Non-blocking assignment '<=' in combinational logic process
                                           : ... This will be executed as a blocking assignment '='!
  395 |       mem_we <= 1'b1;
      |              ^~
%Warning-COMBDLY: soc_top/mips/mem.v:396:18: Non-blocking assignment '<=' in combinational logic process
                                           : ... This will be executed as a blocking assignment '='!
  396 |       mem_data_o <= reg2_i;
      |                  ^~
%Warning-COMBDLY: soc_top/mips/mem.v:397:15: Non-blocking assignment '<=' in combinational logic process
                                           : ... This will be executed as a blocking assignment '='!
  397 |       wdata_o <= 32'b1;
      |               ^~
%Warning-COMBDLY: soc_top/mips/mem.v:398:17: Non-blocking assignment '<=' in combinational logic process
                                           : ... This will be executed as a blocking assignment '='!
  398 |       mem_sel_o <= 4'b1111;  
      |                 ^~
%Warning-COMBDLY: soc_top/mips/mem.v:399:16: Non-blocking assignment '<=' in combinational logic process
                                           : ... This will be executed as a blocking assignment '='!
  399 |       mem_ce_o <= 1'b1;    
      |                ^~
%Warning-COMBDLY: soc_top/mips/mem.v:401:15: Non-blocking assignment '<=' in combinational logic process
                                           : ... This will be executed as a blocking assignment '='!
  401 |       wdata_o <= 32'b0;
      |               ^~
%Warning-COMBDLY: soc_top/mips/mem.v:283:17: Non-blocking assignment '<=' in combinational logic process
                                           : ... This will be executed as a blocking assignment '='!
  283 |      mem_addr_o <= mem_addr_i;
      |                 ^~
%Warning-COMBDLY: soc_top/mips/mem.v:284:13: Non-blocking assignment '<=' in combinational logic process
                                           : ... This will be executed as a blocking assignment '='!
  284 |      mem_we <= 1'b0;
      |             ^~
%Warning-COMBDLY: soc_top/mips/mem.v:285:14: Non-blocking assignment '<=' in combinational logic process
                                           : ... This will be executed as a blocking assignment '='!
  285 |      wdata_o <= mem_data_i; 
      |              ^~
%Warning-COMBDLY: soc_top/mips/mem.v:286:18: Non-blocking assignment '<=' in combinational logic process
                                           : ... This will be executed as a blocking assignment '='!
  286 |       LLbit_we_o <= 1'b1;
      |                  ^~
%Warning-COMBDLY: soc_top/mips/mem.v:287:21: Non-blocking assignment '<=' in combinational logic process
                                           : ... This will be executed as a blocking assignment '='!
  287 |       LLbit_value_o <= 1'b1;
      |                     ^~
%Warning-COMBDLY: soc_top/mips/mem.v:288:17: Non-blocking assignment '<=' in combinational logic process
                                           : ... This will be executed as a blocking assignment '='!
  288 |       mem_sel_o <= 4'b1111;     
      |                 ^~
%Warning-COMBDLY: soc_top/mips/mem.v:289:16: Non-blocking assignment '<=' in combinational logic process
                                           : ... This will be executed as a blocking assignment '='!
  289 |       mem_ce_o <= 1'b1;    
      |                ^~
%Warning-COMBDLY: soc_top/mips/mem.v:365:17: Non-blocking assignment '<=' in combinational logic process
                                           : ... This will be executed as a blocking assignment '='!
  365 |      mem_addr_o <= {mem_addr_i[31:2], 2'b00};
      |                 ^~
%Warning-COMBDLY: soc_top/mips/mem.v:366:13: Non-blocking assignment '<=' in combinational logic process
                                           : ... This will be executed as a blocking assignment '='!
  366 |      mem_we <= 1'b1;
      |             ^~
%Warning-COMBDLY: soc_top/mips/mem.v:367:15: Non-blocking assignment '<=' in combinational logic process
                                           : ... This will be executed as a blocking assignment '='!
  367 |      mem_ce_o <= 1'b1;
      |               ^~
%Warning-COMBDLY: soc_top/mips/mem.v:382:18: Non-blocking assignment '<=' in combinational logic process
                                           : ... This will be executed as a blocking assignment '='!
  382 |        mem_sel_o <= 4'b1111; 
      |                  ^~
%Warning-COMBDLY: soc_top/mips/mem.v:383:19: Non-blocking assignment '<=' in combinational logic process
                                           : ... This will be executed as a blocking assignment '='!
  383 |        mem_data_o <= reg2_i[31:0];
      |                   ^~
%Warning-COMBDLY: soc_top/mips/mem.v:378:18: Non-blocking assignment '<=' in combinational logic process
                                           : ... This will be executed as a blocking assignment '='!
  378 |        mem_sel_o <= 4'b1110;
      |                  ^~
%Warning-COMBDLY: soc_top/mips/mem.v:379:19: Non-blocking assignment '<=' in combinational logic process
                                           : ... This will be executed as a blocking assignment '='!
  379 |        mem_data_o <= {reg2_i[23:0],zero32[7:0]};
      |                   ^~
%Warning-COMBDLY: soc_top/mips/mem.v:374:18: Non-blocking assignment '<=' in combinational logic process
                                           : ... This will be executed as a blocking assignment '='!
  374 |        mem_sel_o <= 4'b1100;
      |                  ^~
%Warning-COMBDLY: soc_top/mips/mem.v:375:19: Non-blocking assignment '<=' in combinational logic process
                                           : ... This will be executed as a blocking assignment '='!
  375 |        mem_data_o <= {reg2_i[15:0],zero32[15:0]};
      |                   ^~
%Warning-COMBDLY: soc_top/mips/mem.v:370:18: Non-blocking assignment '<=' in combinational logic process
                                           : ... This will be executed as a blocking assignment '='!
  370 |        mem_sel_o <= 4'b1000;
      |                  ^~
%Warning-COMBDLY: soc_top/mips/mem.v:371:19: Non-blocking assignment '<=' in combinational logic process
                                           : ... This will be executed as a blocking assignment '='!
  371 |        mem_data_o <= {reg2_i[7:0],zero32[23:0]};
      |                   ^~
%Warning-COMBDLY: soc_top/mips/mem.v:332:17: Non-blocking assignment '<=' in combinational logic process
                                           : ... This will be executed as a blocking assignment '='!
  332 |      mem_addr_o <= mem_addr_i;
      |                 ^~
%Warning-COMBDLY: soc_top/mips/mem.v:333:13: Non-blocking assignment '<=' in combinational logic process
                                           : ... This will be executed as a blocking assignment '='!
  333 |      mem_we <= 1'b1;
      |             ^~
%Warning-COMBDLY: soc_top/mips/mem.v:334:17: Non-blocking assignment '<=' in combinational logic process
                                           : ... This will be executed as a blocking assignment '='!
  334 |      mem_data_o <= reg2_i;
      |                 ^~
%Warning-COMBDLY: soc_top/mips/mem.v:335:16: Non-blocking assignment '<=' in combinational logic process
                                           : ... This will be executed as a blocking assignment '='!
  335 |      mem_sel_o <= 4'b1111;   
      |                ^~
%Warning-COMBDLY: soc_top/mips/mem.v:336:15: Non-blocking assignment '<=' in combinational logic process
                                           : ... This will be executed as a blocking assignment '='!
  336 |      mem_ce_o <= 1'b1;
      |               ^~
%Warning-COMBDLY: soc_top/mips/mem.v:339:17: Non-blocking assignment '<=' in combinational logic process
                                           : ... This will be executed as a blocking assignment '='!
  339 |      mem_addr_o <= {mem_addr_i[31:2], 2'b00};
      |                 ^~
%Warning-COMBDLY: soc_top/mips/mem.v:340:13: Non-blocking assignment '<=' in combinational logic process
                                           : ... This will be executed as a blocking assignment '='!
  340 |      mem_we <= 1'b1;
      |             ^~
%Warning-COMBDLY: soc_top/mips/mem.v:341:15: Non-blocking assignment '<=' in combinational logic process
                                           : ... This will be executed as a blocking assignment '='!
  341 |      mem_ce_o <= 1'b1;
      |               ^~
%Warning-COMBDLY: soc_top/mips/mem.v:356:18: Non-blocking assignment '<=' in combinational logic process
                                           : ... This will be executed as a blocking assignment '='!
  356 |        mem_sel_o <= 4'b0001; 
      |                  ^~
%Warning-COMBDLY: soc_top/mips/mem.v:357:19: Non-blocking assignment '<=' in combinational logic process
                                           : ... This will be executed as a blocking assignment '='!
  357 |        mem_data_o <= {zero32[23:0],reg2_i[31:24]};
      |                   ^~
%Warning-COMBDLY: soc_top/mips/mem.v:352:18: Non-blocking assignment '<=' in combinational logic process
                                           : ... This will be executed as a blocking assignment '='!
  352 |        mem_sel_o <= 4'b0011;
      |                  ^~
%Warning-COMBDLY: soc_top/mips/mem.v:353:19: Non-blocking assignment '<=' in combinational logic process
                                           : ... This will be executed as a blocking assignment '='!
  353 |        mem_data_o <= {zero32[15:0],reg2_i[31:16]};
      |                   ^~
%Warning-COMBDLY: soc_top/mips/mem.v:348:18: Non-blocking assignment '<=' in combinational logic process
                                           : ... This will be executed as a blocking assignment '='!
  348 |        mem_sel_o <= 4'b0111;
      |                  ^~
%Warning-COMBDLY: soc_top/mips/mem.v:349:19: Non-blocking assignment '<=' in combinational logic process
                                           : ... This will be executed as a blocking assignment '='!
  349 |        mem_data_o <= {zero32[7:0],reg2_i[31:8]};
      |                   ^~
%Warning-COMBDLY: soc_top/mips/mem.v:344:18: Non-blocking assignment '<=' in combinational logic process
                                           : ... This will be executed as a blocking assignment '='!
  344 |        mem_sel_o <= 4'b1111;
      |                  ^~
%Warning-COMBDLY: soc_top/mips/mem.v:345:19: Non-blocking assignment '<=' in combinational logic process
                                           : ... This will be executed as a blocking assignment '='!
  345 |        mem_data_o <= reg2_i;
      |                   ^~
%Warning-COMBDLY: soc_top/mips/mem.v:315:17: Non-blocking assignment '<=' in combinational logic process
                                           : ... This will be executed as a blocking assignment '='!
  315 |      mem_addr_o <= mem_addr_i;
      |                 ^~
%Warning-COMBDLY: soc_top/mips/mem.v:316:13: Non-blocking assignment '<=' in combinational logic process
                                           : ... This will be executed as a blocking assignment '='!
  316 |      mem_we <= 1'b1;
      |             ^~
%Warning-COMBDLY: soc_top/mips/mem.v:317:17: Non-blocking assignment '<=' in combinational logic process
                                           : ... This will be executed as a blocking assignment '='!
  317 |      mem_data_o <= {reg2_i[15:0],reg2_i[15:0]};
      |                 ^~
%Warning-COMBDLY: soc_top/mips/mem.v:318:15: Non-blocking assignment '<=' in combinational logic process
                                           : ... This will be executed as a blocking assignment '='!
  318 |      mem_ce_o <= 1'b1;
      |               ^~
%Warning-COMBDLY: soc_top/mips/mem.v:321:18: Non-blocking assignment '<=' in combinational logic process
                                           : ... This will be executed as a blocking assignment '='!
  321 |        mem_sel_o <= 4'b1100;
      |                  ^~
%Warning-COMBDLY: soc_top/mips/mem.v:292:17: Non-blocking assignment '<=' in combinational logic process
                                           : ... This will be executed as a blocking assignment '='!
  292 |      mem_addr_o <= mem_addr_i;
      |                 ^~
%Warning-COMBDLY: soc_top/mips/mem.v:293:13: Non-blocking assignment '<=' in combinational logic process
                                           : ... This will be executed as a blocking assignment '='!
  293 |      mem_we <= 1'b1;
      |             ^~
%Warning-COMBDLY: soc_top/mips/mem.v:294:17: Non-blocking assignment '<=' in combinational logic process
                                           : ... This will be executed as a blocking assignment '='!
  294 |      mem_data_o <= {reg2_i[7:0],reg2_i[7:0],reg2_i[7:0],reg2_i[7:0]};
      |                 ^~
%Warning-COMBDLY: soc_top/mips/mem.v:295:15: Non-blocking assignment '<=' in combinational logic process
                                           : ... This will be executed as a blocking assignment '='!
  295 |      mem_ce_o <= 1'b1;
      |               ^~
%Warning-COMBDLY: soc_top/mips/mem.v:307:18: Non-blocking assignment '<=' in combinational logic process
                                           : ... This will be executed as a blocking assignment '='!
  307 |        mem_sel_o <= 4'b0001; 
      |                  ^~
%Warning-COMBDLY: soc_top/mips/mem.v:260:17: Non-blocking assignment '<=' in combinational logic process
                                           : ... This will be executed as a blocking assignment '='!
  260 |      mem_addr_o <= {mem_addr_i[31:2], 2'b00};
      |                 ^~
%Warning-COMBDLY: soc_top/mips/mem.v:261:13: Non-blocking assignment '<=' in combinational logic process
                                           : ... This will be executed as a blocking assignment '='!
  261 |      mem_we <= 1'b0;
      |             ^~
%Warning-COMBDLY: soc_top/mips/mem.v:262:16: Non-blocking assignment '<=' in combinational logic process
                                           : ... This will be executed as a blocking assignment '='!
  262 |      mem_sel_o <= 4'b1111;
      |                ^~
%Warning-COMBDLY: soc_top/mips/mem.v:263:15: Non-blocking assignment '<=' in combinational logic process
                                           : ... This will be executed as a blocking assignment '='!
  263 |      mem_ce_o <= 1'b1;
      |               ^~
%Warning-COMBDLY: soc_top/mips/mem.v:275:16: Non-blocking assignment '<=' in combinational logic process
                                           : ... This will be executed as a blocking assignment '='!
  275 |        wdata_o <= mem_data_i; 
      |                ^~
%Warning-COMBDLY: soc_top/mips/mem.v:212:17: Non-blocking assignment '<=' in combinational logic process
                                           : ... This will be executed as a blocking assignment '='!
  212 |      mem_addr_o <= mem_addr_i;
      |                 ^~
%Warning-COMBDLY: soc_top/mips/mem.v:213:13: Non-blocking assignment '<=' in combinational logic process
                                           : ... This will be executed as a blocking assignment '='!
  213 |      mem_we <= 1'b0;
      |             ^~
%Warning-COMBDLY: soc_top/mips/mem.v:214:15: Non-blocking assignment '<=' in combinational logic process
                                           : ... This will be executed as a blocking assignment '='!
  214 |      mem_ce_o <= 1'b1;
      |               ^~
%Warning-COMBDLY: soc_top/mips/mem.v:217:16: Non-blocking assignment '<=' in combinational logic process
                                           : ... This will be executed as a blocking assignment '='!
  217 |        wdata_o <= {{16{1'b0}},mem_data_i[31:16]};
      |                ^~
%Warning-COMBDLY: soc_top/mips/mem.v:218:18: Non-blocking assignment '<=' in combinational logic process
                                           : ... This will be executed as a blocking assignment '='!
  218 |        mem_sel_o <= 4'b1100;
      |                  ^~
%Warning-COMBDLY: soc_top/mips/mem.v:221:16: Non-blocking assignment '<=' in combinational logic process
                                           : ... This will be executed as a blocking assignment '='!
  221 |        wdata_o <= {{16{1'b0}},mem_data_i[15:0]};
      |                ^~
%Warning-COMBDLY: soc_top/mips/mem.v:222:18: Non-blocking assignment '<=' in combinational logic process
                                           : ... This will be executed as a blocking assignment '='!
  222 |        mem_sel_o <= 4'b0011;
      |                  ^~
%Warning-COMBDLY: soc_top/mips/mem.v:225:16: Non-blocking assignment '<=' in combinational logic process
                                           : ... This will be executed as a blocking assignment '='!
  225 |        wdata_o <= 32'h00000000;
      |                ^~
%Warning-COMBDLY: soc_top/mips/mem.v:168:17: Non-blocking assignment '<=' in combinational logic process
                                           : ... This will be executed as a blocking assignment '='!
  168 |      mem_addr_o <= mem_addr_i;
      |                 ^~
%Warning-COMBDLY: soc_top/mips/mem.v:169:13: Non-blocking assignment '<=' in combinational logic process
                                           : ... This will be executed as a blocking assignment '='!
  169 |      mem_we <= 1'b0;
      |             ^~
%Warning-COMBDLY: soc_top/mips/mem.v:170:15: Non-blocking assignment '<=' in combinational logic process
                                           : ... This will be executed as a blocking assignment '='!
  170 |      mem_ce_o <= 1'b1;
      |               ^~
%Warning-COMBDLY: soc_top/mips/mem.v:185:16: Non-blocking assignment '<=' in combinational logic process
                                           : ... This will be executed as a blocking assignment '='!
  185 |        wdata_o <= {{24{1'b0}},mem_data_i[7:0]};
      |                ^~
%Warning-COMBDLY: soc_top/mips/mem.v:186:18: Non-blocking assignment '<=' in combinational logic process
                                           : ... This will be executed as a blocking assignment '='!
  186 |        mem_sel_o <= 4'b0001;
      |                  ^~
%Warning-COMBDLY: soc_top/mips/mem.v:181:16: Non-blocking assignment '<=' in combinational logic process
                                           : ... This will be executed as a blocking assignment '='!
  181 |        wdata_o <= {{24{1'b0}},mem_data_i[15:8]};
      |                ^~
%Warning-COMBDLY: soc_top/mips/mem.v:182:18: Non-blocking assignment '<=' in combinational logic process
                                           : ... This will be executed as a blocking assignment '='!
  182 |        mem_sel_o <= 4'b0010;
      |                  ^~
%Warning-COMBDLY: soc_top/mips/mem.v:177:16: Non-blocking assignment '<=' in combinational logic process
                                           : ... This will be executed as a blocking assignment '='!
  177 |        wdata_o <= {{24{1'b0}},mem_data_i[23:16]};
      |                ^~
%Warning-COMBDLY: soc_top/mips/mem.v:178:18: Non-blocking assignment '<=' in combinational logic process
                                           : ... This will be executed as a blocking assignment '='!
  178 |        mem_sel_o <= 4'b0100;
      |                  ^~
%Warning-COMBDLY: soc_top/mips/mem.v:173:16: Non-blocking assignment '<=' in combinational logic process
                                           : ... This will be executed as a blocking assignment '='!
  173 |        wdata_o <= {{24{1'b0}},mem_data_i[31:24]};
      |                ^~
%Warning-COMBDLY: soc_top/mips/mem.v:174:18: Non-blocking assignment '<=' in combinational logic process
                                           : ... This will be executed as a blocking assignment '='!
  174 |        mem_sel_o <= 4'b1000;
      |                  ^~
%Warning-COMBDLY: soc_top/mips/mem.v:230:17: Non-blocking assignment '<=' in combinational logic process
                                           : ... This will be executed as a blocking assignment '='!
  230 |      mem_addr_o <= mem_addr_i;
      |                 ^~
%Warning-COMBDLY: soc_top/mips/mem.v:231:13: Non-blocking assignment '<=' in combinational logic process
                                           : ... This will be executed as a blocking assignment '='!
  231 |      mem_we <= 1'b0;
      |             ^~
%Warning-COMBDLY: soc_top/mips/mem.v:232:14: Non-blocking assignment '<=' in combinational logic process
                                           : ... This will be executed as a blocking assignment '='!
  232 |      wdata_o <= mem_data_i;
      |              ^~
%Warning-COMBDLY: soc_top/mips/mem.v:233:16: Non-blocking assignment '<=' in combinational logic process
                                           : ... This will be executed as a blocking assignment '='!
  233 |      mem_sel_o <= 4'b1111;  
      |                ^~
%Warning-COMBDLY: soc_top/mips/mem.v:234:15: Non-blocking assignment '<=' in combinational logic process
                                           : ... This will be executed as a blocking assignment '='!
  234 |      mem_ce_o <= 1'b1;
      |               ^~
%Warning-COMBDLY: soc_top/mips/mem.v:237:17: Non-blocking assignment '<=' in combinational logic process
                                           : ... This will be executed as a blocking assignment '='!
  237 |      mem_addr_o <= {mem_addr_i[31:2], 2'b00};
      |                 ^~
%Warning-COMBDLY: soc_top/mips/mem.v:238:13: Non-blocking assignment '<=' in combinational logic process
                                           : ... This will be executed as a blocking assignment '='!
  238 |      mem_we <= 1'b0;
      |             ^~
%Warning-COMBDLY: soc_top/mips/mem.v:239:16: Non-blocking assignment '<=' in combinational logic process
                                           : ... This will be executed as a blocking assignment '='!
  239 |      mem_sel_o <= 4'b1111;
      |                ^~
%Warning-COMBDLY: soc_top/mips/mem.v:240:15: Non-blocking assignment '<=' in combinational logic process
                                           : ... This will be executed as a blocking assignment '='!
  240 |      mem_ce_o <= 1'b1;
      |               ^~
%Warning-COMBDLY: soc_top/mips/mem.v:252:16: Non-blocking assignment '<=' in combinational logic process
                                           : ... This will be executed as a blocking assignment '='!
  252 |        wdata_o <= {mem_data_i[7:0],reg2_i[23:0]}; 
      |                ^~
%Warning-COMBDLY: soc_top/mips/mem.v:194:17: Non-blocking assignment '<=' in combinational logic process
                                           : ... This will be executed as a blocking assignment '='!
  194 |      mem_addr_o <= mem_addr_i;
      |                 ^~
%Warning-COMBDLY: soc_top/mips/mem.v:195:13: Non-blocking assignment '<=' in combinational logic process
                                           : ... This will be executed as a blocking assignment '='!
  195 |      mem_we <= 1'b0;
      |             ^~
%Warning-COMBDLY: soc_top/mips/mem.v:196:15: Non-blocking assignment '<=' in combinational logic process
                                           : ... This will be executed as a blocking assignment '='!
  196 |      mem_ce_o <= 1'b1;
      |               ^~
%Warning-COMBDLY: soc_top/mips/mem.v:199:16: Non-blocking assignment '<=' in combinational logic process
                                           : ... This will be executed as a blocking assignment '='!
  199 |        wdata_o <= {{16{mem_data_i[31]}},mem_data_i[31:16]};
      |                ^~
%Warning-COMBDLY: soc_top/mips/mem.v:200:18: Non-blocking assignment '<=' in combinational logic process
                                           : ... This will be executed as a blocking assignment '='!
  200 |        mem_sel_o <= 4'b1100;
      |                  ^~
%Warning-COMBDLY: soc_top/mips/mem.v:203:16: Non-blocking assignment '<=' in combinational logic process
                                           : ... This will be executed as a blocking assignment '='!
  203 |        wdata_o <= {{16{mem_data_i[15]}},mem_data_i[15:0]};
      |                ^~
%Warning-COMBDLY: soc_top/mips/mem.v:204:18: Non-blocking assignment '<=' in combinational logic process
                                           : ... This will be executed as a blocking assignment '='!
  204 |        mem_sel_o <= 4'b0011;
      |                  ^~
%Warning-COMBDLY: soc_top/mips/mem.v:207:16: Non-blocking assignment '<=' in combinational logic process
                                           : ... This will be executed as a blocking assignment '='!
  207 |        wdata_o <= 32'h00000000;
      |                ^~
%Warning-COMBDLY: soc_top/mips/mem.v:142:17: Non-blocking assignment '<=' in combinational logic process
                                           : ... This will be executed as a blocking assignment '='!
  142 |      mem_addr_o <= mem_addr_i;
      |                 ^~
%Warning-COMBDLY: soc_top/mips/mem.v:143:13: Non-blocking assignment '<=' in combinational logic process
                                           : ... This will be executed as a blocking assignment '='!
  143 |      mem_we <= 1'b0;
      |             ^~
%Warning-COMBDLY: soc_top/mips/mem.v:144:15: Non-blocking assignment '<=' in combinational logic process
                                           : ... This will be executed as a blocking assignment '='!
  144 |      mem_ce_o <= 1'b1;
      |               ^~
%Warning-COMBDLY: soc_top/mips/mem.v:159:16: Non-blocking assignment '<=' in combinational logic process
                                           : ... This will be executed as a blocking assignment '='!
  159 |        wdata_o <= {{24{mem_data_i[7]}},mem_data_i[7:0]};
      |                ^~
%Warning-COMBDLY: soc_top/mips/mem.v:160:18: Non-blocking assignment '<=' in combinational logic process
                                           : ... This will be executed as a blocking assignment '='!
  160 |        mem_sel_o <= 4'b0001;
      |                  ^~
%Warning-COMBDLY: soc_top/mips/mem.v:155:16: Non-blocking assignment '<=' in combinational logic process
                                           : ... This will be executed as a blocking assignment '='!
  155 |        wdata_o <= {{24{mem_data_i[15]}},mem_data_i[15:8]};
      |                ^~
%Warning-COMBDLY: soc_top/mips/mem.v:156:18: Non-blocking assignment '<=' in combinational logic process
                                           : ... This will be executed as a blocking assignment '='!
  156 |        mem_sel_o <= 4'b0010;
      |                  ^~
%Warning-COMBDLY: soc_top/mips/mem.v:151:16: Non-blocking assignment '<=' in combinational logic process
                                           : ... This will be executed as a blocking assignment '='!
  151 |        wdata_o <= {{24{mem_data_i[23]}},mem_data_i[23:16]};
      |                ^~
%Warning-COMBDLY: soc_top/mips/mem.v:152:18: Non-blocking assignment '<=' in combinational logic process
                                           : ... This will be executed as a blocking assignment '='!
  152 |        mem_sel_o <= 4'b0100;
      |                  ^~
%Warning-COMBDLY: soc_top/mips/mem.v:147:16: Non-blocking assignment '<=' in combinational logic process
                                           : ... This will be executed as a blocking assignment '='!
  147 |        wdata_o <= {{24{mem_data_i[31]}},mem_data_i[31:24]};
      |                ^~
%Warning-COMBDLY: soc_top/mips/mem.v:148:18: Non-blocking assignment '<=' in combinational logic process
                                           : ... This will be executed as a blocking assignment '='!
  148 |        mem_sel_o <= 4'b1000;
      |                  ^~
%Warning-COMBDLY: soc_top/mips/mem.v:413:15: Non-blocking assignment '<=' in combinational logic process
                                           : ... This will be executed as a blocking assignment '='!
  413 |    cp0_status <= 32'h00000000;
      |               ^~
%Warning-COMBDLY: soc_top/mips/mem.v:424:12: Non-blocking assignment '<=' in combinational logic process
                                           : ... This will be executed as a blocking assignment '='!
  424 |    cp0_epc <= 32'h00000000;
      |            ^~
%Warning-COMBDLY: soc_top/mips/mem.v:435:14: Non-blocking assignment '<=' in combinational logic process
                                           : ... This will be executed as a blocking assignment '='!
  435 |    cp0_cause <= 32'h00000000;
      |              ^~
%Warning-COMBDLY: soc_top/mips/mem.v:438:19: Non-blocking assignment '<=' in combinational logic process
                                           : ... This will be executed as a blocking assignment '='!
  438 |    cp0_cause[9:8] <= wb_cp0_reg_data[9:8];
      |                   ^~
%Warning-COMBDLY: soc_top/mips/mem.v:439:18: Non-blocking assignment '<=' in combinational logic process
                                           : ... This will be executed as a blocking assignment '='!
  439 |    cp0_cause[22] <= wb_cp0_reg_data[22];
      |                  ^~
%Warning-COMBDLY: soc_top/mips/mem.v:442:15: Non-blocking assignment '<=' in combinational logic process
                                           : ... This will be executed as a blocking assignment '='!
  442 |     cp0_cause <= cp0_cause_i;
      |               ^~
%Warning-COMBDLY: soc_top/mips/mem.v:448:17: Non-blocking assignment '<=' in combinational logic process
                                           : ... This will be executed as a blocking assignment '='!
  448 |    excepttype_o <= 32'h00000000;
      |                 ^~
%Warning-COMBDLY: soc_top/mips/mem.v:450:17: Non-blocking assignment '<=' in combinational logic process
                                           : ... This will be executed as a blocking assignment '='!
  450 |    excepttype_o <= 32'h00000000;
      |                 ^~
%Warning-COMBDLY: soc_top/mips/mem.v:455:19: Non-blocking assignment '<=' in combinational logic process
                                           : ... This will be executed as a blocking assignment '='!
  455 |      excepttype_o <= 32'h00000001;         
      |                   ^~
%Warning-COMBDLY: soc_top/mips/mem.v:457:20: Non-blocking assignment '<=' in combinational logic process
                                           : ... This will be executed as a blocking assignment '='!
  457 |       excepttype_o <= 32'h00000008;         
      |                    ^~
%Warning-COMBDLY: soc_top/mips/mem.v:459:19: Non-blocking assignment '<=' in combinational logic process
                                           : ... This will be executed as a blocking assignment '='!
  459 |      excepttype_o <= 32'h0000000a;         
      |                   ^~
%Warning-COMBDLY: soc_top/mips/mem.v:461:19: Non-blocking assignment '<=' in combinational logic process
                                           : ... This will be executed as a blocking assignment '='!
  461 |      excepttype_o <= 32'h0000000d;         
      |                   ^~
%Warning-COMBDLY: soc_top/mips/mem.v:463:19: Non-blocking assignment '<=' in combinational logic process
                                           : ... This will be executed as a blocking assignment '='!
  463 |      excepttype_o <= 32'h0000000c;
      |                   ^~
%Warning-COMBDLY: soc_top/mips/mem.v:465:19: Non-blocking assignment '<=' in combinational logic process
                                           : ... This will be executed as a blocking assignment '='!
  465 |      excepttype_o <= 32'h0000000e;
      |                   ^~
%Warning-COMBDLY: soc_top/mips/ctrl.v:28:10: Non-blocking assignment '<=' in combinational logic process
                                           : ... This will be executed as a blocking assignment '='!
   28 |    stall <= 6'b000000;
      |          ^~
%Warning-COMBDLY: soc_top/mips/ctrl.v:29:10: Non-blocking assignment '<=' in combinational logic process
                                           : ... This will be executed as a blocking assignment '='!
   29 |    flush <= 1'b0;
      |          ^~
%Warning-COMBDLY: soc_top/mips/ctrl.v:30:11: Non-blocking assignment '<=' in combinational logic process
                                           : ... This will be executed as a blocking assignment '='!
   30 |    new_pc <= 32'h00000000;
      |           ^~
%Warning-COMBDLY: soc_top/mips/ctrl.v:31:22: Non-blocking assignment '<=' in combinational logic process
                                           : ... This will be executed as a blocking assignment '='!
   31 |             cpu_test <= 1'b1;
      |                      ^~
%Warning-COMBDLY: soc_top/mips/ctrl.v:33:11: Non-blocking assignment '<=' in combinational logic process
                                           : ... This will be executed as a blocking assignment '='!
   33 |     flush <= 1'b1;
      |           ^~
%Warning-COMBDLY: soc_top/mips/ctrl.v:34:11: Non-blocking assignment '<=' in combinational logic process
                                           : ... This will be executed as a blocking assignment '='!
   34 |     stall <= 6'b000000;
      |           ^~
%Warning-COMBDLY: soc_top/mips/ctrl.v:37:13: Non-blocking assignment '<=' in combinational logic process
                                           : ... This will be executed as a blocking assignment '='!
   37 |      new_pc <= 32'h00000180;
      |             ^~
%Warning-COMBDLY: soc_top/mips/ctrl.v:40:13: Non-blocking assignment '<=' in combinational logic process
                                           : ... This will be executed as a blocking assignment '='!
   40 |      new_pc <= 32'h00000180;
      |             ^~
%Warning-COMBDLY: soc_top/mips/ctrl.v:43:13: Non-blocking assignment '<=' in combinational logic process
                                           : ... This will be executed as a blocking assignment '='!
   43 |      new_pc <= 32'h00000180;
      |             ^~
%Warning-COMBDLY: soc_top/mips/ctrl.v:46:13: Non-blocking assignment '<=' in combinational logic process
                                           : ... This will be executed as a blocking assignment '='!
   46 |      new_pc <= 32'h00000180;
      |             ^~
%Warning-COMBDLY: soc_top/mips/ctrl.v:49:13: Non-blocking assignment '<=' in combinational logic process
                                           : ... This will be executed as a blocking assignment '='!
   49 |      new_pc <= 32'h00000180;
      |             ^~
%Warning-COMBDLY: soc_top/mips/ctrl.v:52:13: Non-blocking assignment '<=' in combinational logic process
                                           : ... This will be executed as a blocking assignment '='!
   52 |      new_pc <= cp0_epc_i;
      |             ^~
%Warning-COMBDLY: soc_top/mips/ctrl.v:62:10: Non-blocking assignment '<=' in combinational logic process
                                           : ... This will be executed as a blocking assignment '='!
   62 |    stall <= 6'b001111;
      |          ^~
%Warning-COMBDLY: soc_top/mips/ctrl.v:63:10: Non-blocking assignment '<=' in combinational logic process
                                           : ... This will be executed as a blocking assignment '='!
   63 |    flush <= 1'b0; 
      |          ^~
%Warning-COMBDLY: soc_top/mips/ctrl.v:64:22: Non-blocking assignment '<=' in combinational logic process
                                           : ... This will be executed as a blocking assignment '='!
   64 |             cpu_test <= 1'b0; 
      |                      ^~
%Warning-COMBDLY: soc_top/mips/ctrl.v:66:10: Non-blocking assignment '<=' in combinational logic process
                                           : ... This will be executed as a blocking assignment '='!
   66 |    stall <= 6'b000111; 
      |          ^~
%Warning-COMBDLY: soc_top/mips/ctrl.v:67:10: Non-blocking assignment '<=' in combinational logic process
                                           : ... This will be executed as a blocking assignment '='!
   67 |    flush <= 1'b0; 
      |          ^~
%Warning-COMBDLY: soc_top/mips/ctrl.v:68:22: Non-blocking assignment '<=' in combinational logic process
                                           : ... This will be executed as a blocking assignment '='!
   68 |             cpu_test <= 1'b0; 
      |                      ^~
%Warning-COMBDLY: soc_top/mips/ctrl.v:74:10: Non-blocking assignment '<=' in combinational logic process
                                           : ... This will be executed as a blocking assignment '='!
   74 |    stall <= 6'b000000;
      |          ^~
%Warning-COMBDLY: soc_top/mips/ctrl.v:75:10: Non-blocking assignment '<=' in combinational logic process
                                           : ... This will be executed as a blocking assignment '='!
   75 |    flush <= 1'b0;
      |          ^~
%Warning-COMBDLY: soc_top/mips/ctrl.v:76:22: Non-blocking assignment '<=' in combinational logic process
                                           : ... This will be executed as a blocking assignment '='!
   76 |             cpu_test <= 1'b1;
      |                      ^~
%Warning-COMBDLY: soc_top/mips/ctrl.v:77:11: Non-blocking assignment '<=' in combinational logic process
                                           : ... This will be executed as a blocking assignment '='!
   77 |    new_pc <= 32'h00000000;  
      |           ^~
%Warning-COMBDLY: soc_top/mips/cp0_reg.v:157:11: Non-blocking assignment '<=' in combinational logic process
                                               : ... This will be executed as a blocking assignment '='!
  157 |    data_o <= 32'h00000000;
      |           ^~
%Warning-COMBDLY: soc_top/mips/cp0_reg.v:179:14: Non-blocking assignment '<=' in combinational logic process
                                               : ... This will be executed as a blocking assignment '='!
  179 |       data_o <= config_o ;
      |              ^~
%Warning-COMBDLY: soc_top/mips/cp0_reg.v:176:14: Non-blocking assignment '<=' in combinational logic process
                                               : ... This will be executed as a blocking assignment '='!
  176 |       data_o <= prid_o ;
      |              ^~
%Warning-COMBDLY: soc_top/mips/cp0_reg.v:164:14: Non-blocking assignment '<=' in combinational logic process
                                               : ... This will be executed as a blocking assignment '='!
  164 |       data_o <= compare_o ;
      |              ^~
%Warning-COMBDLY: soc_top/mips/cp0_reg.v:161:14: Non-blocking assignment '<=' in combinational logic process
                                               : ... This will be executed as a blocking assignment '='!
  161 |       data_o <= count_o ;
      |              ^~
%Warning-LATCH: soc_top/mips/cp0_reg.v:155:2: Latch inferred for signal 'mysoc.openmips0.cp0_data_o' (not all control paths of combinational always assign a value)
                                            : ... Suggest use of always_latch for intentional latches
  155 |  always @ (*) begin
      |  ^~~~~~
%Warning-SYNCASYNCNET: soc_top/mysoc.v:5:25: Signal flopped as both synchronous and async: 'rst'
                       soc_top/mysoc.v:73:13: ... Location of async usage
   73 |         if (rst) begin
      |             ^~~
                       soc_top/mips/pc_reg.v:41:7: ... Location of sync usage
   41 |   if (rst == 1'b1) begin
      |       ^~~
                       ... For warning description see https://verilator.org/warn/SYNCASYNCNET?v=5.046
                       ... Use "/* verilator lint_off SYNCASYNCNET */" and lint_on around source to disable this message.
- V e r i l a t i o n   R e p o r t: Verilator 5.046 2026-02-28 rev v5.046-55-g1264184fb
- Verilator: Built from 2.119 MB sources in 19 modules, into 0.915 MB in 4 C++ files needing 0.000 MB
- Verilator: Walltime 0.205 s (elab=0.010, cvt=0.141, bld=0.000); cpu 0.189 s on 1 threads; allocated 43.973 MB
=== Lint completed ===
